1	pIc1s_Fundamental_Principles
10	pIc2sII_Capacity_to_Act
100	pIcVsIII_Agency
1000	pVcVIIs3_Effect_of_Will
1001	pVcVIIs3_Effect_of_Will
1002	pVcVIIs3_Effect_of_Will
1003	pVcVIIs3_Effect_of_Will
1004	pVcVIIs4_Execution_of_Will
1005	pVcVIIs4_Execution_of_Will
1006	pVcVIIs4_Execution_of_Will
1007	pVcVIIs4_Execution_of_Will
1008	pVcVIIs4_Execution_of_Will
1009	pVcVIIs4_Execution_of_Will
101	pIcVsIII_Agency
1010	pVcVIIs4_Execution_of_Will
1011	pVcVIIs4_Execution_of_Will
1012	pVcVIIs4_Execution_of_Will
1013	pVcVIIs4_Execution_of_Will
1014	pVcVIIs4_Execution_of_Will
1015	pVcVIIs4_Execution_of_Will
1016	pVcVIIs4_Execution_of_Will
1017	pVcVIIs4_Execution_of_Will
1018	pVcVIIs4_Execution_of_Will
1019	pVcVIIs4_Execution_of_Will
102	pIcVsIII_Agency
1020	pVcVIIs4_Execution_of_Will
1021	pVcVIIs4_Execution_of_Will
1022	pVcVIIs5_Revocation_and_Rescission_of_Will
1023	pVcVIIs5_Revocation_and_Rescission_of_Will
1024	pVcVIIs5_Revocation_and_Rescission_of_Will
1025	pVcVIIs5_Revocation_and_Rescission_of_Will
1026	pVcVIIs5_Revocation_and_Rescission_of_Will
1027	pVcVIIs5_Revocation_and_Rescission_of_Will
1028	pVcVIIIs_Entitlement_and_Amount_of_Legally_Reserved_Portion
1029	pVcVIIIs_Calculation_of_Legally_Reserved_Portion
103	pIcVsIII_Agency
1030	pVcVIIIs_Calculation_of_Legally_Reserved_Portion
1031	pVcVIIIs_Claim_for_Abatement_of_Gift_or_Testamentary_Gift
1032	pVcVIIIs_Partial_Abatement_of_Gifts_and_Testamentary_Gifts_of_Conditional_Rights_etc.
1033	pVcVIIIs_Order_of_Abatement_of_Gifts_and_Testamentary_Gifts
1034	pVcVIIIs_Proportion_of_Abatement_of_Testamentary_Gift
1035	pVcVIIIs_Order_of_Abatement_of_Gifts
1036	pVcVIIIs_Return_of_Fruits_of_Gift_by_Beneficiary
1037	pVcVIIIs_Burden_of_Loss_Due_to_Insolvency_of_Beneficiary
1038	pVcVIIIs_Claim_for_Abatement_of_Gift_with_Burden
1039	pVcVIIIs_Act_for_Value_with_Inadequate_Consideration
104	pIcVsIII_Agency
1040	pVcVIIIs_Object_of_Gift_Assigned_by_Beneficiary_etc.
1041	pVcVIIIs_Compensation_by_Value_to_Claimant_for_Statutory_Reserved_Portion
1042	pVcVIIIs_Limitation_on_Period_for_Claim_for_Abatement
1043	pVcVIIIs_Renunciation_of_Legally_Reserved_Portion
1044	pVcVIIIs_Provisions_regarding_Heirs_per_Stirpes_and_Share_in_Inheritance_to_be_Applied_Mutatis_Mutandis
105	pIcVsIII_Agency
106	pIcVsIII_Agency
107	pIcVsIII_Agency
108	pIcVsIII_Agency
109	pIcVsIII_Agency
11	pIc2sII_Capacity_to_Act
110	pIcVsIII_Agency
111	pIcVsIII_Agency
112	pIcVsIII_Agency
113	pIcVsIII_Agency
114	pIcVsIII_Agency
115	pIcVsIII_Agency
116	pIcVsIII_Agency
117	pIcVsIII_Agency
118	pIcVsIII_Agency
119	pIcVsIV_Nullity_and_Rescission_of_Acts
12	pIc2sII_Capacity_to_Act
120	pIcVsIV_Nullity_and_Rescission_of_Acts
121	pIcVsIV_Nullity_and_Rescission_of_Acts
122	pIcVsIV_Nullity_and_Rescission_of_Acts
123	pIcVsIV_Nullity_and_Rescission_of_Acts
124	pIcVsIV_Nullity_and_Rescission_of_Acts
125	pIcVsIV_Nullity_and_Rescission_of_Acts
126	pIcVsIV_Nullity_and_Rescission_of_Acts
127	pIcVsV_Conditions_and_Time_Limit
128	pIcVsV_Conditions_and_Time_Limit
129	pIcVsV_Conditions_and_Time_Limit
13	pIc2sII_Capacity_to_Act
130	pIcVsV_Conditions_and_Time_Limit
131	pIcVsV_Conditions_and_Time_Limit
132	pIcVsV_Conditions_and_Time_Limit
133	pIcVsV_Conditions_and_Time_Limit
134	pIcVsV_Conditions_and_Time_Limit
135	pIcVsV_Conditions_and_Time_Limit
136	pIcVsV_Conditions_and_Time_Limit
137	pIcVsV_Conditions_and_Time_Limit
138	pIcVIs_Common_Rules_on_Calculation_of_Period
139	pIcVIs_Commencement_of_Period
14	pIc2sII_Capacity_to_Act
140	pIcVIs_Commencement_of_Period
141	pIcVIs_Expiration_of_Period
142	pIcVIs_Expiration_of_Period
143	pIcVIs_Calculation_of_Period_with_Reference_to_Calendar
144	pIcVIIsI_General_Provisions
145	pIcVIIsI_General_Provisions
146	pIcVIIsI_General_Provisions
147	pIcVIIsI_General_Provisions
148	pIcVIIsI_General_Provisions
149	pIcVIIsI_General_Provisions
15	pIc2sII_Capacity_to_Act
150	pIcVIIsI_General_Provisions
151	pIcVIIsI_General_Provisions
152	pIcVIIsI_General_Provisions
153	pIcVIIsI_General_Provisions
154	pIcVIIsI_General_Provisions
155	pIcVIIsI_General_Provisions
156	pIcVIIsI_General_Provisions
157	pIcVIIsI_General_Provisions
158	pIcVIIsI_General_Provisions
159	pIcVIIsI_General_Provisions
16	pIc2sII_Capacity_to_Act
160	pIcVIIsI_General_Provisions
161	pIcVIIsI_General_Provisions
162	pIcVIIsII_Acquisitive_Prescription
163	pIcVIIsII_Acquisitive_Prescription
164	pIcVIIsII_Acquisitive_Prescription
165	pIcVIIsII_Acquisitive_Prescription
166	pIcVIIsIII_Extinctive_Prescription
167	pIcVIIsIII_Extinctive_Prescription
168	pIcVIIsIII_Extinctive_Prescription
169	pIcVIIsIII_Extinctive_Prescription
17	pIc2sII_Capacity_to_Act
170	pIcVIIsIII_Extinctive_Prescription
171	pIcVIIsIII_Extinctive_Prescription
172	pIcVIIsIII_Extinctive_Prescription
173	pIcVIIsIII_Extinctive_Prescription
174	pIcVIIsIII_Extinctive_Prescription
174-2	pIcVIIsIII_Extinctive_Prescription
175	p2c1s_Establishment_of_Real_Rights
176	p2c1s_Creation_and_Transfer_of_Real_Rights
177	p2c1s_Requirements_of_Perfection_of_Changes_in_Real_Rights_concerning_Immovable_properties
178	p2c1s_Requirements_of_Perfection_of_Transfer_of_Real_Rights_concerning_Movables
179	p2c1s_Confusion_of_Rights
18	pIc2sII_Capacity_to_Act
180	p2c2s1_Acquisition_of_Possessory_Rights
181	p2c2s1_Acquisition_of_Possessory_Rights
182	p2c2s1_Acquisition_of_Possessory_Rights
183	p2c2s1_Acquisition_of_Possessory_Rights
184	p2c2s1_Acquisition_of_Possessory_Rights
185	p2c2s1_Acquisition_of_Possessory_Rights
186	p2c2s1_Acquisition_of_Possessory_Rights
187	p2c2s1_Acquisition_of_Possessory_Rights
188	p2c2s2_Effect_of_Possessory_Rights
189	p2c2s2_Effect_of_Possessory_Rights
19	pIc2sII_Capacity_to_Act
190	p2c2s2_Effect_of_Possessory_Rights
191	p2c2s2_Effect_of_Possessory_Rights
192	p2c2s2_Effect_of_Possessory_Rights
193	p2c2s2_Effect_of_Possessory_Rights
194	p2c2s2_Effect_of_Possessory_Rights
195	p2c2s2_Effect_of_Possessory_Rights
196	p2c2s2_Effect_of_Possessory_Rights
197	p2c2s2_Effect_of_Possessory_Rights
198	p2c2s2_Effect_of_Possessory_Rights
199	p2c2s2_Effect_of_Possessory_Rights
2	pIc1s_Standard_for_Construction
20	pIc2sII_Capacity_to_Act
200	p2c2s2_Effect_of_Possessory_Rights
201	p2c2s2_Effect_of_Possessory_Rights
202	p2c2s2_Effect_of_Possessory_Rights
203	p2c2s3_Extinction_of_Possessory_Rights
204	p2c2s3_Extinction_of_Possessory_Rights
205	p2c2s4_Quasi-Possession
206	p2c3s1_Extent_of_Ownership
207	p2c3s1_Extent_of_Ownership
208	p2c3s1_Extent_of_Ownership
209	p2c3s1_Extent_of_Ownership
21	pIc2sII_Capacity_to_Act
210	p2c3s1_Extent_of_Ownership
211	p2c3s1_Extent_of_Ownership
212	p2c3s1_Extent_of_Ownership
213	p2c3s1_Extent_of_Ownership
214	p2c3s1_Extent_of_Ownership
215	p2c3s1_Extent_of_Ownership
216	p2c3s1_Extent_of_Ownership
217	p2c3s1_Extent_of_Ownership
218	p2c3s1_Extent_of_Ownership
219	p2c3s1_Extent_of_Ownership
22	pIc2sIII_Domicile
220	p2c3s1_Extent_of_Ownership
221	p2c3s1_Extent_of_Ownership
222	p2c3s1_Extent_of_Ownership
223	p2c3s1_Extent_of_Ownership
224	p2c3s1_Extent_of_Ownership
225	p2c3s1_Extent_of_Ownership
226	p2c3s1_Extent_of_Ownership
227	p2c3s1_Extent_of_Ownership
228	p2c3s1_Extent_of_Ownership
229	p2c3s1_Extent_of_Ownership
23	pIc2sIII_Domicile
230	p2c3s1_Extent_of_Ownership
231	p2c3s1_Extent_of_Ownership
232	p2c3s1_Extent_of_Ownership
233	p2c3s1_Extent_of_Ownership
234	p2c3s1_Extent_of_Ownership
235	p2c3s1_Extent_of_Ownership
236	p2c3s1_Extent_of_Ownership
237	p2c3s1_Extent_of_Ownership
238	p2c3s1_Extent_of_Ownership
239	p2c3s2_Acquisition_of_Ownership
24	pIc2sIII_Domicile
240	p2c3s2_Acquisition_of_Ownership
241	p2c3s2_Acquisition_of_Ownership
242	p2c3s2_Acquisition_of_Ownership
243	p2c3s2_Acquisition_of_Ownership
244	p2c3s2_Acquisition_of_Ownership
245	p2c3s2_Acquisition_of_Ownership
246	p2c3s2_Acquisition_of_Ownership
247	p2c3s2_Acquisition_of_Ownership
248	p2c3s2_Acquisition_of_Ownership
249	p2c3s3_Co-Ownership
25	pIc2sIV_Management_of_Absentee_Property_and_Adjudication_of_Disappearance
250	p2c3s3_Co-Ownership
251	p2c3s3_Co-Ownership
252	p2c3s3_Co-Ownership
253	p2c3s3_Co-Ownership
254	p2c3s3_Co-Ownership
255	p2c3s3_Co-Ownership
256	p2c3s3_Co-Ownership
257	p2c3s3_Co-Ownership
258	p2c3s3_Co-Ownership
259	p2c3s3_Co-Ownership
26	pIc2sIV_Management_of_Absentee_Property_and_Adjudication_of_Disappearance
260	p2c3s3_Co-Ownership
261	p2c3s3_Co-Ownership
262	p2c3s3_Co-Ownership
263	p2c3s3_Co-Ownership
264	p2c3s3_Co-Ownership
265	p2c4s_Content_of_Superficies
266	p2c4s_Rents
267	p2c4s_Mutatis_Mutandis_Application_of_Provisions_regarding_Neighboring_Relationships
268	p2c4s_Duration_of_Superficies
269	p2c4s_Removal_of_Structures
269-2	p2c4s_Superficies_for_Underground_or_Overhead_Space
27	pIc2sIV_Management_of_Absentee_Property_and_Adjudication_of_Disappearance
270	p2c5s_Content_of_Emphyteusis
271	p2c5s_Restrictions_on_Alterations_to_Land_by_Emphyteutas
272	p2c5s_Transfer_of_Emphyteusis_or_Leasing_of_Land
273	p2c5s_(Mutatis_Mutandis_Application_of_Provisions_regarding_Lease
274	p2c5s_Rent_Reductions_or_Exemptions
275	p2c5s_Waiver_of_Emphyteusis
276	p2c5s_Demand_for_Extinction_of_Emphyteusis
277	p2c5s_Customs_regarding_Emphyteusis
278	p2c5s_Duration_of_Emphyteusis
279	p2c5s_Removal_of_Structures
28	pIc2sIV_Management_of_Absentee_Property_and_Adjudication_of_Disappearance
280	p2c6s_Content_of_Servitudes
281	p2c6s_Appurtenant_Nature_of_Servitudes
282	p2c6s_Indivisibility_of_Servitudes
283	p2c6s_Acquisition_of_Servitudes_by_Prescription
284	p2c6s_Acquisition_of_Servitudes_by_Prescription
285	p2c6s_Water_Servitude
286	p2c6s_Obligations_of_Owners_of_Servient_Land_to_Install_Structures
287	p2c6s_Obligations_of_Owners_of_Servient_Land_to_Install_Structures
288	p2c6s_Use_of_Structures_by_the_Owner_of_Servient_Lands
289	p2c6s_Extinction_of_Servitude_by_Acquisition_by_Prescription_of_Servient_Lands
29	pIc2sIV_Management_of_Absentee_Property_and_Adjudication_of_Disappearance
290	p2c6s_Extinction_of_Servitude_by_Acquisition_by_Prescription_of_Servient_Lands
291	p2c6s_Extinctive_Prescription_of_Servitudes
292	p2c6s_Extinctive_Prescription_of_Servitudes
293	p2c6s_Extinctive_Prescription_of_Servitudes
294	p2c6s_Rights_of_Common_without_the_Nature_of_Co-Ownership
295	p2c7s_Content_of_Rights_of_Retention
296	p2c7s_Indivisibility_of_Rights_of_Retention
297	p2c7s_Collection_of_Fruits_by_Holders_of_Rights_of_Retention
298	p2c7s_Keeping_the_Thing_Retained_by_Holders_of_Rights_of_Retention
299	p2c7s_Demands_for_Reimbursement_of_Expenses_by_Holders_of_Rights_of_Retention
3	pIc2sI_Capacity_to_Hold_Rights
30	pIc2sIV_Management_of_Absentee_Property_and_Adjudication_of_Disappearance
300	p2c7s_Exercise_of_Rights_of_Retention_and_Extinctive_Prescription_of_Claims
301	p2c7s_Extinction_of_Rights_of_Retention_by_Tender_of_Security
302	p2c7s_Extinction_of_Rights_of_Retention_by_Loss_of_Possession
303	p2c8s1_General_Provisions
304	p2c8s1_General_Provisions
305	p2c8s1_General_Provisions
306	p2c8s2_Kinds_of_Statutory_Liens
307	p2c8s2_Kinds_of_Statutory_Liens
308	p2c8s2_Kinds_of_Statutory_Liens
309	p2c8s2_Kinds_of_Statutory_Liens
31	pIc2sIV_Management_of_Absentee_Property_and_Adjudication_of_Disappearance
310	p2c8s2_Kinds_of_Statutory_Liens
311	p2c8s2_Kinds_of_Statutory_Liens
312	p2c8s2_Kinds_of_Statutory_Liens
313	p2c8s2_Kinds_of_Statutory_Liens
314	p2c8s2_Kinds_of_Statutory_Liens
315	p2c8s2_Kinds_of_Statutory_Liens
316	p2c8s2_Kinds_of_Statutory_Liens
317	p2c8s2_Kinds_of_Statutory_Liens
318	p2c8s2_Kinds_of_Statutory_Liens
319	p2c8s2_Kinds_of_Statutory_Liens
32	pIc2sIV_Management_of_Absentee_Property_and_Adjudication_of_Disappearance
32-2	pIc2sV_Presumption_of_Simultaneous_Death
320	p2c8s2_Kinds_of_Statutory_Liens
321	p2c8s2_Kinds_of_Statutory_Liens
322	p2c8s2_Kinds_of_Statutory_Liens
323	p2c8s2_Kinds_of_Statutory_Liens
324	p2c8s2_Kinds_of_Statutory_Liens
325	p2c8s2_Kinds_of_Statutory_Liens
326	p2c8s2_Kinds_of_Statutory_Liens
327	p2c8s2_Kinds_of_Statutory_Liens
328	p2c8s2_Kinds_of_Statutory_Liens
329	p2c8s3_Order_of_Priority_of_Statutory_Liens
33	pIcIIIsI_Establishment_of_Juridical_Persons
330	p2c8s3_Order_of_Priority_of_Statutory_Liens
331	p2c8s3_Order_of_Priority_of_Statutory_Liens
332	p2c8s3_Order_of_Priority_of_Statutory_Liens
333	p2c8s4_Effect_of_Statutory_Liens
334	p2c8s4_Effect_of_Statutory_Liens
335	p2c8s4_Effect_of_Statutory_Liens
336	p2c8s4_Effect_of_Statutory_Liens
337	p2c8s4_Effect_of_Statutory_Liens
338	p2c8s4_Effect_of_Statutory_Liens
339	p2c8s4_Effect_of_Statutory_Liens
34	pIcIIIsI_Establishment_of_Juridical_Persons
340	p2c8s4_Effect_of_Statutory_Liens
341	p2c8s4_Effect_of_Statutory_Liens
342	p2c9s1_General_Provisions
343	p2c9s1_General_Provisions
344	p2c9s1_General_Provisions
345	p2c9s1_General_Provisions
346	p2c9s1_General_Provisions
347	p2c9s1_General_Provisions
348	p2c9s1_General_Provisions
349	p2c9s1_General_Provisions
35	pIcIIIsI_Establishment_of_Juridical_Persons
350	p2c9s1_General_Provisions
351	p2c9s1_General_Provisions
352	p2c9s2_Pledges_of_Movables
353	p2c9s2_Pledges_of_Movables
354	p2c9s2_Pledges_of_Movables
355	p2c9s2_Pledges_of_Movables
356	p2c9s3_Pledges_of_Immovable_Properties
357	p2c9s3_Pledges_of_Immovable_Properties
358	p2c9s3_Pledges_of_Immovable_Properties
359	p2c9s3_Pledges_of_Immovable_Properties
36	pIcIIIsI_Establishment_of_Juridical_Persons
360	p2c9s3_Pledges_of_Immovable_Properties
361	p2c9s3_Pledges_of_Immovable_Properties
362	p2c9s4_Pledges_of_Rights
363	p2c9s4_Pledges_of_Rights
364	p2c9s4_Pledges_of_Rights
365	p2c9s4_Pledges_of_Rights
366	p2c9s4_Pledges_of_Rights
367	p2c9s4_Pledges_of_Rights
368	p2c9s4_Pledges_of_Rights
369	p2c10s1_General_Provisions
37	pIcIIIsI_Establishment_of_Juridical_Persons
370	p2c10s1_General_Provisions
371	p2c10s1_General_Provisions
372	p2c10s1_General_Provisions
373	p2c10s2_Effect_of_Mortgages
374	p2c10s2_Effect_of_Mortgages
375	p2c10s2_Effect_of_Mortgages
376	p2c10s2_Effect_of_Mortgages
377	p2c10s2_Effect_of_Mortgages
378	p2c10s2_Effect_of_Mortgages
379	p2c10s2_Effect_of_Mortgages
380	p2c10s2_Effect_of_Mortgages
381	p2c10s2_Effect_of_Mortgages
382	p2c10s2_Effect_of_Mortgages
383	p2c10s2_Effect_of_Mortgages
384	p2c10s2_Effect_of_Mortgages
385	p2c10s2_Effect_of_Mortgages
386	p2c10s2_Effect_of_Mortgages
387	p2c10s2_Effect_of_Mortgages
388	p2c10s2_Effect_of_Mortgages
389	p2c10s2_Effect_of_Mortgages
390	p2c10s2_Effect_of_Mortgages
391	p2c10s2_Effect_of_Mortgages
392	p2c10s2_Effect_of_Mortgages
393	p2c10s2_Effect_of_Mortgages
394	p2c10s2_Effect_of_Mortgages
395	p2c10s2_Effect_of_Mortgages
396	p2c10s3_Extinction_of_Mortgages
397	p2c10s3_Extinction_of_Mortgages
398	p2c10s3_Extinction_of_Mortgages
398-10	p2c10s4_Revolving_Mortgages
398-11	p2c10s4_Revolving_Mortgages
398-12	p2c10s4_Revolving_Mortgages
398-13	p2c10s4_Revolving_Mortgages
398-14	p2c10s4_Revolving_Mortgages
398-15	p2c10s4_Revolving_Mortgages
398-16	p2c10s4_Revolving_Mortgages
398-17	p2c10s4_Revolving_Mortgages
398-18	p2c10s4_Revolving_Mortgages
398-19	p2c10s4_Revolving_Mortgages
398-2	p2c10s4_Revolving_Mortgages
398-20	p2c10s4_Revolving_Mortgages
398-21	p2c10s4_Revolving_Mortgages
398-22	p2c10s4_Revolving_Mortgages
398-3	p2c10s4_Revolving_Mortgages
398-4	p2c10s4_Revolving_Mortgages
398-5	p2c10s4_Revolving_Mortgages
398-6	p2c10s4_Revolving_Mortgages
398-7	p2c10s4_Revolving_Mortgages
398-8	p2c10s4_Revolving_Mortgages
398-9	p2c10s4_Revolving_Mortgages
399	pIIIcIsI_Subject_of_Claim
4	pIc2sII_Capacity_to_Act
400	pIIIcIsI_Subject_of_Claim
401	pIIIcIsI_Subject_of_Claim
402	pIIIcIsI_Subject_of_Claim
403	pIIIcIsI_Subject_of_Claim
404	pIIIcIsI_Subject_of_Claim
405	pIIIcIsI_Subject_of_Claim
406	pIIIcIsI_Subject_of_Claim
407	pIIIcIsI_Subject_of_Claim
408	pIIIcIsI_Subject_of_Claim
409	pIIIcIsI_Subject_of_Claim
410	pIIIcIsI_Subject_of_Claim
411	pIIIcIsI_Subject_of_Claim
412	pIIIcIsII_Effect_of_Claims
413	pIIIcIsII_Effect_of_Claims
414	pIIIcIsII_Effect_of_Claims
415	pIIIcIsII_Effect_of_Claims
416	pIIIcIsII_Effect_of_Claims
417	pIIIcIsII_Effect_of_Claims
418	pIIIcIsII_Effect_of_Claims
419	pIIIcIsII_Effect_of_Claims
420	pIIIcIsII_Effect_of_Claims
421	pIIIcIsII_Effect_of_Claims
422	pIIIcIsII_Effect_of_Claims
423	pIIIcIsII_Effect_of_Claims
424	pIIIcIsII_Effect_of_Claims
425	pIIIcIsII_Effect_of_Claims
426	pIIIcIsII_Effect_of_Claims
427	pIIIcIsIII_Claims_and_Obligations_of_Multiple-Parties
428	pIIIcIsIII_Claims_and_Obligations_of_Multiple-Parties
429	pIIIcIsIII_Claims_and_Obligations_of_Multiple-Parties
430	pIIIcIsIII_Claims_and_Obligations_of_Multiple-Parties
431	pIIIcIsIII_Claims_and_Obligations_of_Multiple-Parties
432	pIIIcIsIII_Claims_and_Obligations_of_Multiple-Parties
433	pIIIcIsIII_Claims_and_Obligations_of_Multiple-Parties
434	pIIIcIsIII_Claims_and_Obligations_of_Multiple-Parties
435	pIIIcIsIII_Claims_and_Obligations_of_Multiple-Parties
436	pIIIcIsIII_Claims_and_Obligations_of_Multiple-Parties
437	pIIIcIsIII_Claims_and_Obligations_of_Multiple-Parties
438	pIIIcIsIII_Claims_and_Obligations_of_Multiple-Parties
439	pIIIcIsIII_Claims_and_Obligations_of_Multiple-Parties
440	pIIIcIsIII_Claims_and_Obligations_of_Multiple-Parties
441	pIIIcIsIII_Claims_and_Obligations_of_Multiple-Parties
442	pIIIcIsIII_Claims_and_Obligations_of_Multiple-Parties
443	pIIIcIsIII_Claims_and_Obligations_of_Multiple-Parties
444	pIIIcIsIII_Claims_and_Obligations_of_Multiple-Parties
445	pIIIcIsIII_Claims_and_Obligations_of_Multiple-Parties
446	pIIIcIsIII_Claims_and_Obligations_of_Multiple-Parties
447	pIIIcIsIII_Claims_and_Obligations_of_Multiple-Parties
448	pIIIcIsIII_Claims_and_Obligations_of_Multiple-Parties
449	pIIIcIsIII_Claims_and_Obligations_of_Multiple-Parties
450	pIIIcIsIII_Claims_and_Obligations_of_Multiple-Parties
451	pIIIcIsIII_Claims_and_Obligations_of_Multiple-Parties
452	pIIIcIsIII_Claims_and_Obligations_of_Multiple-Parties
453	pIIIcIsIII_Claims_and_Obligations_of_Multiple-Parties
454	pIIIcIsIII_Claims_and_Obligations_of_Multiple-Parties
455	pIIIcIsIII_Claims_and_Obligations_of_Multiple-Parties
456	pIIIcIsIII_Claims_and_Obligations_of_Multiple-Parties
457	pIIIcIsIII_Claims_and_Obligations_of_Multiple-Parties
458	pIIIcIsIII_Claims_and_Obligations_of_Multiple-Parties
459	pIIIcIsIII_Claims_and_Obligations_of_Multiple-Parties
460	pIIIcIsIII_Claims_and_Obligations_of_Multiple-Parties
461	pIIIcIsIII_Claims_and_Obligations_of_Multiple-Parties
462	pIIIcIsIII_Claims_and_Obligations_of_Multiple-Parties
463	pIIIcIsIII_Claims_and_Obligations_of_Multiple-Parties
464	pIIIcIsIII_Claims_and_Obligations_of_Multiple-Parties
465	pIIIcIsIII_Claims_and_Obligations_of_Multiple-Parties
465-2	pIIIcIsIII_Claims_and_Obligations_of_Multiple-Parties
465-3	pIIIcIsIII_Claims_and_Obligations_of_Multiple-Parties
465-4	pIIIcIsIII_Claims_and_Obligations_of_Multiple-Parties
465-5	pIIIcIsIII_Claims_and_Obligations_of_Multiple-Parties
466	pIIIcIsIV_Assignment_of_Claims
467	pIIIcIsIV_Assignment_of_Claims
468	pIIIcIsIV_Assignment_of_Claims
469	pIIIcIsIV_Assignment_of_Claims
470	pIIIcIsIV_Assignment_of_Claims
471	pIIIcIsIV_Assignment_of_Claims
472	pIIIcIsIV_Assignment_of_Claims
473	pIIIcIsIV_Assignment_of_Claims
474	pIIIcIsV_Extinction_of_Claims
475	pIIIcIsV_Extinction_of_Claims
476	pIIIcIsV_Extinction_of_Claims
477	pIIIcIsV_Extinction_of_Claims
478	pIIIcIsV_Extinction_of_Claims
479	pIIIcIsV_Extinction_of_Claims
480	pIIIcIsV_Extinction_of_Claims
481	pIIIcIsV_Extinction_of_Claims
482	pIIIcIsV_Extinction_of_Claims
483	pIIIcIsV_Extinction_of_Claims
484	pIIIcIsV_Extinction_of_Claims
485	pIIIcIsV_Extinction_of_Claims
486	pIIIcIsV_Extinction_of_Claims
487	pIIIcIsV_Extinction_of_Claims
488	pIIIcIsV_Extinction_of_Claims
489	pIIIcIsV_Extinction_of_Claims
490	pIIIcIsV_Extinction_of_Claims
491	pIIIcIsV_Extinction_of_Claims
492	pIIIcIsV_Extinction_of_Claims
493	pIIIcIsV_Extinction_of_Claims
494	pIIIcIsV_Extinction_of_Claims
495	pIIIcIsV_Extinction_of_Claims
496	pIIIcIsV_Extinction_of_Claims
497	pIIIcIsV_Extinction_of_Claims
498	pIIIcIsV_Extinction_of_Claims
499	pIIIcIsV_Extinction_of_Claims
5	pIc2sII_Capacity_to_Act
500	pIIIcIsV_Extinction_of_Claims
501	pIIIcIsV_Extinction_of_Claims
502	pIIIcIsV_Extinction_of_Claims
503	pIIIcIsV_Extinction_of_Claims
504	pIIIcIsV_Extinction_of_Claims
505	pIIIcIsV_Extinction_of_Claims
506	pIIIcIsV_Extinction_of_Claims
507	pIIIcIsV_Extinction_of_Claims
508	pIIIcIsV_Extinction_of_Claims
509	pIIIcIsV_Extinction_of_Claims
510	pIIIcIsV_Extinction_of_Claims
511	pIIIcIsV_Extinction_of_Claims
512	pIIIcIsV_Extinction_of_Claims
513	pIIIcIsV_Extinction_of_Claims
514	pIIIcIsV_Extinction_of_Claims
515	pIIIcIsV_Extinction_of_Claims
516	pIIIcIsV_Extinction_of_Claims
517	pIIIcIsV_Extinction_of_Claims
518	pIIIcIsV_Extinction_of_Claims
519	pIIIcIsV_Extinction_of_Claims
520	pIIIcIsV_Extinction_of_Claims
521	pIIIc2s1_General_Provisions
522	pIIIc2s1_General_Provisions
523	pIIIc2s1_General_Provisions
524	pIIIc2s1_General_Provisions
525	pIIIc2s1_General_Provisions
526	pIIIc2s1_General_Provisions
527	pIIIc2s1_General_Provisions
528	pIIIc2s1_General_Provisions
529	pIIIc2s1_General_Provisions
530	pIIIc2s1_General_Provisions
531	pIIIc2s1_General_Provisions
532	pIIIc2s1_General_Provisions
533	pIIIc2s1_General_Provisions
534	pIIIc2s1_General_Provisions
535	pIIIc2s1_General_Provisions
536	pIIIc2s1_General_Provisions
537	pIIIc2s1_General_Provisions
538	pIIIc2s1_General_Provisions
539	pIIIc2s1_General_Provisions
540	pIIIc2s1_General_Provisions
541	pIIIc2s1_General_Provisions
542	pIIIc2s1_General_Provisions
543	pIIIc2s1_General_Provisions
544	pIIIc2s1_General_Provisions
545	pIIIc2s1_General_Provisions
546	pIIIc2s1_General_Provisions
547	pIIIc2s1_General_Provisions
548	pIIIc2s1_General_Provisions
549	pIIIc2s2_Gifts
550	pIIIc2s2_Gifts
551	pIIIc2s2_Gifts
552	pIIIc2s2_Gifts
553	pIIIc2s2_Gifts
554	pIIIc2s2_Gifts
555	pIIIc2s3_Sale
556	pIIIc2s3_Sale
557	pIIIc2s3_Sale
558	pIIIc2s3_Sale
559	pIIIc2s3_Sale
560	pIIIc2s3_Sale
561	pIIIc2s3_Sale
562	pIIIc2s3_Sale
563	pIIIc2s3_Sale
564	pIIIc2s3_Sale
565	pIIIc2s3_Sale
566	pIIIc2s3_Sale
567	pIIIc2s3_Sale
568	pIIIc2s3_Sale
569	pIIIc2s3_Sale
570	pIIIc2s3_Sale
571	pIIIc2s3_Sale
572	pIIIc2s3_Sale
573	pIIIc2s3_Sale
574	pIIIc2s3_Sale
575	pIIIc2s3_Sale
576	pIIIc2s3_Sale
577	pIIIc2s3_Sale
578	pIIIc2s3_Sale
579	pIIIc2s3_Sale
580	pIIIc2s3_Sale
581	pIIIc2s3_Sale
582	pIIIc2s3_Sale
583	pIIIc2s3_Sale
584	pIIIc2s3_Sale
585	pIIIc2s3_Sale
586	pIIIc2s4_Exchange
587	pIIIc2s5_Loans_for_Consumption
588	pIIIc2s5_Loans_for_Consumption
589	pIIIc2s5_Loans_for_Consumption
590	pIIIc2s5_Loans_for_Consumption
591	pIIIc2s5_Loans_for_Consumption
592	pIIIc2s5_Loans_for_Consumption
593	pIIIc2s6_Loans_for_Use
594	pIIIc2s6_Loans_for_Use
595	pIIIc2s6_Loans_for_Use
596	pIIIc2s6_Loans_for_Use
597	pIIIc2s6_Loans_for_Use
598	pIIIc2s6_Loans_for_Use
599	pIIIc2s6_Loans_for_Use
6	pIc2sII_Capacity_to_Act
600	pIIIc2s6_Loans_for_Use
601	pIIIc2s7_Leases
602	pIIIc2s7_Leases
603	pIIIc2s7_Leases
604	pIIIc2s7_Leases
605	pIIIc2s7_Leases
606	pIIIc2s7_Leases
607	pIIIc2s7_Leases
608	pIIIc2s7_Leases
609	pIIIc2s7_Leases
610	pIIIc2s7_Leases
611	pIIIc2s7_Leases
612	pIIIc2s7_Leases
613	pIIIc2s7_Leases
614	pIIIc2s7_Leases
615	pIIIc2s7_Leases
616	pIIIc2s7_Leases
617	pIIIc2s7_Leases
618	pIIIc2s7_Leases
619	pIIIc2s7_Leases
620	pIIIc2s7_Leases
621	pIIIc2s7_Leases
622	pIIIc2s7_Leases
623	pIIIc2s8_Employment
624	pIIIc2s8_Employment
625	pIIIc2s8_Employment
626	pIIIc2s8_Employment
627	pIIIc2s8_Employment
628	pIIIc2s8_Employment
629	pIIIc2s8_Employment
630	pIIIc2s8_Employment
631	pIIIc2s8_Employment
632	pIIIc2s9_Contracts_for_Work
633	pIIIc2s9_Contracts_for_Work
634	pIIIc2s9_Contracts_for_Work
635	pIIIc2s9_Contracts_for_Work
636	pIIIc2s9_Contracts_for_Work
637	pIIIc2s9_Contracts_for_Work
638	pIIIc2s9_Contracts_for_Work
639	pIIIc2s9_Contracts_for_Work
640	pIIIc2s9_Contracts_for_Work
641	pIIIc2s9_Contracts_for_Work
642	pIIIc2s9_Contracts_for_Work
643	pIIIc2s10_Mandates
644	pIIIc2s10_Mandates
645	pIIIc2s10_Mandates
646	pIIIc2s10_Mandates
647	pIIIc2s10_Mandates
648	pIIIc2s10_Mandates
649	pIIIc2s10_Mandates
650	pIIIc2s10_Mandates
651	pIIIc2s10_Mandates
652	pIIIc2s10_Mandates
653	pIIIc2s10_Mandates
654	pIIIc2s10_Mandates
655	pIIIc2s10_Mandates
656	pIIIc2s10_Mandates
657	pIIIc2s11_Deposits
658	pIIIc2s11_Deposits
659	pIIIc2s11_Deposits
660	pIIIc2s11_Deposits
661	pIIIc2s11_Deposits
662	pIIIc2s11_Deposits
663	pIIIc2s11_Deposits
664	pIIIc2s11_Deposits
665	pIIIc2s11_Deposits
666	pIIIc2s11_Deposits
667	pIIIc2s12_Partnerships
668	pIIIc2s12_Partnerships
669	pIIIc2s12_Partnerships
670	pIIIc2s12_Partnerships
671	pIIIc2s12_Partnerships
672	pIIIc2s12_Partnerships
673	pIIIc2s12_Partnerships
674	pIIIc2s12_Partnerships
675	pIIIc2s12_Partnerships
676	pIIIc2s12_Partnerships
677	pIIIc2s12_Partnerships
678	pIIIc2s12_Partnerships
679	pIIIc2s12_Partnerships
680	pIIIc2s12_Partnerships
681	pIIIc2s12_Partnerships
682	pIIIc2s12_Partnerships
683	pIIIc2s12_Partnerships
684	pIIIc2s12_Partnerships
685	pIIIc2s12_Partnerships
686	pIIIc2s12_Partnerships
687	pIIIc2s12_Partnerships
688	pIIIc2s12_Partnerships
689	pIIIc2s13_Life_Annuities
690	pIIIc2s13_Life_Annuities
691	pIIIc2s13_Life_Annuities
692	pIIIc2s13_Life_Annuities
693	pIIIc2s13_Life_Annuities
694	pIIIc2s13_Life_Annuities
695	pIIIc2s14_Settlements
696	pIIIc2s14_Settlements
697	pIIIc3s_Negotiorum_Gestio_(Management_of_Business)
698	pIIIc3s_Urgent_Management_of_Business
699	pIIIc3s_Obligation_of_Managers_to_Give_Notice
7	pIc2sII_Capacity_to_Act
700	pIIIc3s_Continuation_of_Management_of_Business_by_Managers
701	pIIIc3s_Mutatis_Mutandis_Application_of_Provisions_on_Mandates
702	pIIIc3s_Managers'_Claims_for_Reimbursement_of_Costs
703	pIIIc4s_Obligation_to_Return_Unjust_Enrichment
704	pIIIc4s_Obligation_of_Beneficiaries_in_Bad_Faith_to_Return
705	pIIIc4s_Performance_knowing_of_Absence_of_Obligation
706	pIIIc4s_Performance_before_Due_Date
707	pIIIc4s_Performance_of_Obligations_of_Others
708	pIIIc4s_Performance_for_Illegal_Causes
709	pIIIc5s_Damages_in_Torts
710	pIIIc5s_Compensation_for_Damages_Other_than_Property
711	pIIIc5s_Compensation_for_Damages_to_Next_of_Kin
712	pIIIc5s_Capacity_for_Liability
713	pIIIc5s_Capacity_for_Liability
714	pIIIc5s_Liability_of_Person_Obligated_to_Supervise_a_Person_without_Capacity
715	pIIIc5s_Liability_of_Employers
716	pIIIc5s_Liability_of_Party_Ordering_Work
717	pIIIc5s_Liability_of_Possessor_and_Owner_of_Structure_on_Land
718	pIIIc5s_Liability_of_Possessor_of_Animal
719	pIIIc5s_Liability_of_Joint_Tortfeasors
720	pIIIc5s_Self-Defense_and_Aversion_of_Present_Danger
721	pIIIc5s_Fetus'_Capacity_to_Hold_Rights_regarding_the_Right_to_Demand_Compensation_for_Damages
722	pIIIc5s_Method_of_Damages_and_Comparative_Negligence
723	pIIIc5s_Recovery_in_Defamation
724	pIIIc5s_Restriction_of_Period_of_Right_to_Demand_Compensation_for_Damages_in_Tort
725	pIVcIs_Range_of_Relatives
726	pIVcIs_Determining_Degree_of_kinship
727	pIVcIs_Relationship_through_Adoption
728	pIVcIs_End_of_Relationship_by_Affinity_by_Divorce_etc.
729	pIVcIs_End_of_Adoptive_Relation_by_Dissolution
730	pIVcIs_Mutual_Help_between_Relatives
731	pIVcIIs1_Formation_of_Marriage
732	pIVcIIs1_Formation_of_Marriage
733	pIVcIIs1_Formation_of_Marriage
734	pIVcIIs1_Formation_of_Marriage
735	pIVcIIs1_Formation_of_Marriage
736	pIVcIIs1_Formation_of_Marriage
737	pIVcIIs1_Formation_of_Marriage
738	pIVcIIs1_Formation_of_Marriage
739	pIVcIIs1_Formation_of_Marriage
740	pIVcIIs1_Formation_of_Marriage
741	pIVcIIs1_Formation_of_Marriage
742	pIVcIIs1_Formation_of_Marriage
743	pIVcIIs1_Formation_of_Marriage
744	pIVcIIs1_Formation_of_Marriage
745	pIVcIIs1_Formation_of_Marriage
746	pIVcIIs1_Formation_of_Marriage
747	pIVcIIs1_Formation_of_Marriage
748	pIVcIIs1_Formation_of_Marriage
749	pIVcIIs1_Formation_of_Marriage
750	pIVcIIs2_Effect_of_Marriage
751	pIVcIIs2_Effect_of_Marriage
752	pIVcIIs2_Effect_of_Marriage
753	pIVcIIs2_Effect_of_Marriage
754	pIVcIIs2_Effect_of_Marriage
755	pIVcIIs3_Marital_Property
756	pIVcIIs3_Marital_Property
757	pIVcIIs3_Marital_Property
758	pIVcIIs3_Marital_Property
759	pIVcIIs3_Marital_Property
760	pIVcIIs3_Marital_Property
761	pIVcIIs3_Marital_Property
762	pIVcIIs3_Marital_Property
763	pIVcIIs4_Divorce
764	pIVcIIs4_Divorce
765	pIVcIIs4_Divorce
766	pIVcIIs4_Divorce
767	pIVcIIs4_Divorce
768	pIVcIIs4_Divorce
769	pIVcIIs4_Divorce
770	pIVcIIs4_Divorce
771	pIVcIIs4_Divorce
772	pIVcIIIs1_Natural_Children
773	pIVcIIIs1_Natural_Children
774	pIVcIIIs1_Natural_Children
775	pIVcIIIs1_Natural_Children
776	pIVcIIIs1_Natural_Children
777	pIVcIIIs1_Natural_Children
778	pIVcIIIs1_Natural_Children
779	pIVcIIIs1_Natural_Children
780	pIVcIIIs1_Natural_Children
781	pIVcIIIs1_Natural_Children
782	pIVcIIIs1_Natural_Children
783	pIVcIIIs1_Natural_Children
784	pIVcIIIs1_Natural_Children
785	pIVcIIIs1_Natural_Children
786	pIVcIIIs1_Natural_Children
787	pIVcIIIs1_Natural_Children
788	pIVcIIIs1_Natural_Children
789	pIVcIIIs1_Natural_Children
790	pIVcIIIs1_Natural_Children
791	pIVcIIIs1_Natural_Children
792	pIVcIIIs2_Adoption
793	pIVcIIIs2_Adoption
794	pIVcIIIs2_Adoption
795	pIVcIIIs2_Adoption
796	pIVcIIIs2_Adoption
797	pIVcIIIs2_Adoption
798	pIVcIIIs2_Adoption
799	pIVcIIIs2_Adoption
8	pIc2sII_Capacity_to_Act
800	pIVcIIIs2_Adoption
801	pIVcIIIs2_Adoption
802	pIVcIIIs2_Adoption
803	pIVcIIIs2_Adoption
804	pIVcIIIs2_Adoption
805	pIVcIIIs2_Adoption
806	pIVcIIIs2_Adoption
806-2	pIVcIIIs2_Adoption
806-3	pIVcIIIs2_Adoption
807	pIVcIIIs2_Adoption
808	pIVcIIIs2_Adoption
809	pIVcIIIs2_Adoption
810	pIVcIIIs2_Adoption
811	pIVcIIIs2_Adoption
811-2	pIVcIIIs2_Adoption
812	pIVcIIIs2_Adoption
813	pIVcIIIs2_Adoption
814	pIVcIIIs2_Adoption
815	pIVcIIIs2_Adoption
816	pIVcIIIs2_Adoption
817	pIVcIIIs2_Adoption
817-10	pIVcIIIs2_Adoption
817-11	pIVcIIIs2_Adoption
817-2	pIVcIIIs2_Adoption
817-3	pIVcIIIs2_Adoption
817-4	pIVcIIIs2_Adoption
817-5	pIVcIIIs2_Adoption
817-6	pIVcIIIs2_Adoption
817-7	pIVcIIIs2_Adoption
817-8	pIVcIIIs2_Adoption
817-9	pIVcIIIs2_Adoption
818	pIVcIVs1_General_Provisions
819	pIVcIVs1_General_Provisions
820	pIVcIVs2_Effect_of_Parental_Authority
821	pIVcIVs2_Effect_of_Parental_Authority
822	pIVcIVs2_Effect_of_Parental_Authority
823	pIVcIVs2_Effect_of_Parental_Authority
824	pIVcIVs2_Effect_of_Parental_Authority
825	pIVcIVs2_Effect_of_Parental_Authority
826	pIVcIVs2_Effect_of_Parental_Authority
827	pIVcIVs2_Effect_of_Parental_Authority
828	pIVcIVs2_Effect_of_Parental_Authority
829	pIVcIVs2_Effect_of_Parental_Authority
830	pIVcIVs2_Effect_of_Parental_Authority
831	pIVcIVs2_Effect_of_Parental_Authority
832	pIVcIVs2_Effect_of_Parental_Authority
833	pIVcIVs2_Effect_of_Parental_Authority
834	pIVcIVs3_Loss_of_Parental_Authority
834-2	pIVcIVs3_Loss_of_Parental_Authority
835	pIVcIVs3_Loss_of_Parental_Authority
836	pIVcIVs3_Loss_of_Parental_Authority
837	pIVcIVs3_Loss_of_Parental_Authority
838	pIVcVs1_Commencement_of_Guardianship
839	pIVcVs2_Organs_of_Guardianship
840	pIVcVs2_Organs_of_Guardianship
841	pIVcVs2_Organs_of_Guardianship
842	pIVcVs2_Organs_of_Guardianship
843	pIVcVs2_Organs_of_Guardianship
844	pIVcVs2_Organs_of_Guardianship
845	pIVcVs2_Organs_of_Guardianship
846	pIVcVs2_Organs_of_Guardianship
847	pIVcVs2_Organs_of_Guardianship
848	pIVcVs2_Organs_of_Guardianship
849	pIVcVs2_Organs_of_Guardianship
85	pIcIVs_Definition
850	pIVcVs2_Organs_of_Guardianship
851	pIVcVs2_Organs_of_Guardianship
852	pIVcVs2_Organs_of_Guardianship
853	pIVcVs3_Affairs_of_Guardian
854	pIVcVs3_Affairs_of_Guardian
855	pIVcVs3_Affairs_of_Guardian
856	pIVcVs3_Affairs_of_Guardian
857	pIVcVs3_Affairs_of_Guardian
857-2	pIVcVs3_Affairs_of_Guardian
858	pIVcVs3_Affairs_of_Guardian
859	pIVcVs3_Affairs_of_Guardian
859-2	pIVcVs3_Affairs_of_Guardian
859-3	pIVcVs3_Affairs_of_Guardian
86	pIcIVs_Real_Estate_and_Movables
860	pIVcVs3_Affairs_of_Guardian
861	pIVcVs3_Affairs_of_Guardian
862	pIVcVs3_Affairs_of_Guardian
863	pIVcVs3_Affairs_of_Guardian
864	pIVcVs3_Affairs_of_Guardian
865	pIVcVs3_Affairs_of_Guardian
866	pIVcVs3_Affairs_of_Guardian
867	pIVcVs3_Affairs_of_Guardian
868	pIVcVs3_Affairs_of_Guardian
869	pIVcVs3_Affairs_of_Guardian
87	pIcIVs_Principal_and_Appurtenance
870	pIVcVs4_Termination_of_Guardianship
871	pIVcVs4_Termination_of_Guardianship
872	pIVcVs4_Termination_of_Guardianship
873	pIVcVs4_Termination_of_Guardianship
874	pIVcVs4_Termination_of_Guardianship
875	pIVcVs4_Termination_of_Guardianship
876	pIVcVIs1_Curatorship
876-10	pIVcVIs2_Assistance
876-2	pIVcVIs1_Curatorship
876-3	pIVcVIs1_Curatorship
876-4	pIVcVIs1_Curatorship
876-5	pIVcVIs1_Curatorship
876-6	pIVcVIs2_Assistance
876-7	pIVcVIs2_Assistance
876-8	pIVcVIs2_Assistance
876-9	pIVcVIs2_Assistance
877	pIVcVIIs_Supporter_under_Duty
878	pIVcVIIs_Order_of_Support
879	pIVcVIIs_Extent_and_Form_of_Support
88	pIcIVs_Natural_Fruits_and_Legal_Fruits
880	pIVcVIIs_Alteration_or_Revocation_of_Agreement_or_Order_with_Regard_to_Support
881	pIVcVIIs_Prohibition_of_Disposition_of_Claim_for_Support
882	pVcIs_Cause_of_Commencement_of_Inheritance
883	pVcIs_Place_of_Commencement_of_Inheritance
884	pVcIs_Right_to_Claim_for_Recovery_of_Inheritance
885	pVcIs_Expenses_relating_to_Inherited_Property
886	pVcIIs_Unborn_Child's_Legal_Capacity_to_Hold_Rights_Relating_to_Inheritance
887	pVcIIs_Right_to_Inheritance_of_Child_and_Heir_per_Stirpes,_etc.
888	pVcIIs_Right_to_Inheritance_of_Child_and_Heir_per_Stirpes,_etc.
889	pVcIIs_Right_of_Inheritance_of_Lineal_Ascendant_and_Sibling
89	pIcIVs_Vesting_of_Fruits
890	pVcIIs_Right_of_Inheritance_of_Spouse
891	pVcIIs_Causes_of_Disqualification_of_Heir
892	pVcIIs_Disinheritance_of_Presumed_Heir
893	pVcIIs_Disinheritance_of_Presumed_Heir_by_Will
894	pVcIIs_Rescission_of_Disinheritance_of_Presumed_Heir
895	pVcIIs_Administration_of_Inherited_Property_before_Ruling_for_Disinheritance_of_Presumed_Heir_Becomes_Unappealable
896	pVcIIIs1_General_Provisions
897	pVcIIIs1_General_Provisions
898	pVcIIIs1_General_Provisions
899	pVcIIIs1_General_Provisions
9	pIc2sII_Capacity_to_Act
90	pIcVsI_General_Provisions
900	pVcIIIs2_Share_in_Inheritance
901	pVcIIIs2_Share_in_Inheritance
902	pVcIIIs2_Share_in_Inheritance
903	pVcIIIs2_Share_in_Inheritance
904	pVcIIIs2_Share_in_Inheritance
904-2	pVcIIIs2_Share_in_Inheritance
905	pVcIIIs2_Share_in_Inheritance
906	pVcIIIs3_Division_of_Inherited_Property
907	pVcIIIs3_Division_of_Inherited_Property
908	pVcIIIs3_Division_of_Inherited_Property
909	pVcIIIs3_Division_of_Inherited_Property
91	pIcVsI_General_Provisions
910	pVcIIIs3_Division_of_Inherited_Property
911	pVcIIIs3_Division_of_Inherited_Property
912	pVcIIIs3_Division_of_Inherited_Property
913	pVcIIIs3_Division_of_Inherited_Property
914	pVcIIIs3_Division_of_Inherited_Property
915	pVcIVs1_General_Provisions
916	pVcIVs1_General_Provisions
917	pVcIVs1_General_Provisions
918	pVcIVs1_General_Provisions
919	pVcIVs1_General_Provisions
92	pIcVsI_General_Provisions
920	pVcIVs2_Acceptance_of_Inheritance
921	pVcIVs2_Acceptance_of_Inheritance
922	pVcIVs2_Acceptance_of_Inheritance
923	pVcIVs2_Acceptance_of_Inheritance
924	pVcIVs2_Acceptance_of_Inheritance
925	pVcIVs2_Acceptance_of_Inheritance
926	pVcIVs2_Acceptance_of_Inheritance
927	pVcIVs2_Acceptance_of_Inheritance
928	pVcIVs2_Acceptance_of_Inheritance
929	pVcIVs2_Acceptance_of_Inheritance
93	pIcVsII_Manifestation_of_Intention
930	pVcIVs2_Acceptance_of_Inheritance
931	pVcIVs2_Acceptance_of_Inheritance
932	pVcIVs2_Acceptance_of_Inheritance
933	pVcIVs2_Acceptance_of_Inheritance
934	pVcIVs2_Acceptance_of_Inheritance
935	pVcIVs2_Acceptance_of_Inheritance
936	pVcIVs2_Acceptance_of_Inheritance
937	pVcIVs2_Acceptance_of_Inheritance
938	pVcIVs3_Renunciation_of_Inheritance
939	pVcIVs3_Renunciation_of_Inheritance
94	pIcVsII_Manifestation_of_Intention
940	pVcIVs3_Renunciation_of_Inheritance
941	pVcVs_Separation_of_Property_by_Claim_of_Inheritance_Obligees_or_Donees
942	pVcVs_Effect_of_Separation_of_Property
943	pVcVs_Administration_of_Inherited_Property_after_Claim_for_Separation_of_Property
944	pVcVs_Administration_by_Heir_after_Application_for_Separation_of_Property
945	pVcVs_Requirement_of_Perfection,_against_Third_Party_regarding_Real_Estate_in_the_Case_of_Separation_of_Property
946	pVcVs_Application_Mutatis_Mutandis_of_Provisions_regarding_Extension_of_Security_Interest_to_the_Proceeds_of_Collateral
947	pVcVs_Performance_to_Inheritance_Obligees_and_Donees
948	pVcVs_Performance_from_Heir's_Own_Property
949	pVcVs_Prevention_etc._of_Application_for_Separation_of_Property
95	pIcVsII_Manifestation_of_Intention
950	pVcVs_Separation_of_Property_by_Application_of_Obligee_of_Heir
951	pVcVIs_Formation_of_Juridical_Person_for_Inherited_Property
952	pVcVIs_Appointment_of_Administrator_of_Inherited_Property
953	pVcVIs_Provisions_Relating_to_Administrator_of_Absentee's_Property_to_be_Applied_Mutatis_Mutandis
954	pVcVIs_Reporting_by_Administrator_of_Inherited_Property
955	pVcVIs_Non-formation_of_Juridical_Person_for_Inherited_Property
956	pVcVIs_Extinguishment_of_Authority_of_Representation_of_Administrator_of_Inherited_Property
957	pVcVIs_Performance_to_Inheritance_Obligees_and_Donees
958	pVcVIs_Public_Notice_of_Search_for_Heir
958-2	pVcVIs_Case_where_No_Person_Claims_a_Right
958-3	pVcVIs_Distribution_of_Inherited_Property_to_Person_with_Special_Connection
959	pVcVIs_Residual_Assets_to_Belong_to_National_Treasury
96	pIcVsII_Manifestation_of_Intention
960	pVcVIIs1_General_Provisions
961	pVcVIIs1_General_Provisions
962	pVcVIIs1_General_Provisions
963	pVcVIIs1_General_Provisions
964	pVcVIIs1_General_Provisions
965	pVcVIIs1_General_Provisions
966	pVcVIIs1_General_Provisions
967	pVcVIIs2_Formalities_of_Wills
968	pVcVIIs2_Formalities_of_Wills
969	pVcVIIs2_Formalities_of_Wills
969-2	pVcVIIs2_Formalities_of_Wills
97	pIcVsII_Manifestation_of_Intention
970	pVcVIIs2_Formalities_of_Wills
971	pVcVIIs2_Formalities_of_Wills
972	pVcVIIs2_Formalities_of_Wills
973	pVcVIIs2_Formalities_of_Wills
974	pVcVIIs2_Formalities_of_Wills
975	pVcVIIs2_Formalities_of_Wills
976	pVcVIIs2_Formalities_of_Wills
977	pVcVIIs2_Formalities_of_Wills
978	pVcVIIs2_Formalities_of_Wills
979	pVcVIIs2_Formalities_of_Wills
98	pIcVsII_Manifestation_of_Intention
98-2	pIcVsII_Manifestation_of_Intention
980	pVcVIIs2_Formalities_of_Wills
981	pVcVIIs2_Formalities_of_Wills
982	pVcVIIs2_Formalities_of_Wills
983	pVcVIIs2_Formalities_of_Wills
984	pVcVIIs2_Formalities_of_Wills
985	pVcVIIs3_Effect_of_Will
986	pVcVIIs3_Effect_of_Will
987	pVcVIIs3_Effect_of_Will
988	pVcVIIs3_Effect_of_Will
989	pVcVIIs3_Effect_of_Will
99	pIcVsIII_Agency
990	pVcVIIs3_Effect_of_Will
991	pVcVIIs3_Effect_of_Will
992	pVcVIIs3_Effect_of_Will
993	pVcVIIs3_Effect_of_Will
994	pVcVIIs3_Effect_of_Will
995	pVcVIIs3_Effect_of_Will
996	pVcVIIs3_Effect_of_Will
997	pVcVIIs3_Effect_of_Will
998	pVcVIIs3_Effect_of_Will
999	pVcVIIs3_Effect_of_Will
