1	pIc1
10	pIc2
100	pIcV
1000	pVcVII
1001	pVcVII
1002	pVcVII
1003	pVcVII
1004	pVcVII
1005	pVcVII
1006	pVcVII
1007	pVcVII
1008	pVcVII
1009	pVcVII
101	pIcV
1010	pVcVII
1011	pVcVII
1012	pVcVII
1013	pVcVII
1014	pVcVII
1015	pVcVII
1016	pVcVII
1017	pVcVII
1018	pVcVII
1019	pVcVII
102	pIcV
1020	pVcVII
1021	pVcVII
1022	pVcVII
1023	pVcVII
1024	pVcVII
1025	pVcVII
1026	pVcVII
1027	pVcVII
1028	pVcVIII
1029	pVcVIII
103	pIcV
1030	pVcVIII
1031	pVcVIII
1032	pVcVIII
1033	pVcVIII
1034	pVcVIII
1035	pVcVIII
1036	pVcVIII
1037	pVcVIII
1038	pVcVIII
1039	pVcVIII
104	pIcV
1040	pVcVIII
1041	pVcVIII
1042	pVcVIII
1043	pVcVIII
1044	pVcVIII
105	pIcV
106	pIcV
107	pIcV
108	pIcV
109	pIcV
11	pIc2
110	pIcV
111	pIcV
112	pIcV
113	pIcV
114	pIcV
115	pIcV
116	pIcV
117	pIcV
118	pIcV
119	pIcV
12	pIc2
120	pIcV
121	pIcV
122	pIcV
123	pIcV
124	pIcV
125	pIcV
126	pIcV
127	pIcV
128	pIcV
129	pIcV
13	pIc2
130	pIcV
131	pIcV
132	pIcV
133	pIcV
134	pIcV
135	pIcV
136	pIcV
137	pIcV
138	pIcVI
139	pIcVI
14	pIc2
140	pIcVI
141	pIcVI
142	pIcVI
143	pIcVI
144	pIcVII
145	pIcVII
146	pIcVII
147	pIcVII
148	pIcVII
149	pIcVII
15	pIc2
150	pIcVII
151	pIcVII
152	pIcVII
153	pIcVII
154	pIcVII
155	pIcVII
156	pIcVII
157	pIcVII
158	pIcVII
159	pIcVII
16	pIc2
160	pIcVII
161	pIcVII
162	pIcVII
163	pIcVII
164	pIcVII
165	pIcVII
166	pIcVII
167	pIcVII
168	pIcVII
169	pIcVII
17	pIc2
170	pIcVII
171	pIcVII
172	pIcVII
173	pIcVII
174	pIcVII
174-2	pIcVII
175	p2c1
176	p2c1
177	p2c1
178	p2c1
179	p2c1
18	pIc2
180	p2c2
181	p2c2
182	p2c2
183	p2c2
184	p2c2
185	p2c2
186	p2c2
187	p2c2
188	p2c2
189	p2c2
19	pIc2
190	p2c2
191	p2c2
192	p2c2
193	p2c2
194	p2c2
195	p2c2
196	p2c2
197	p2c2
198	p2c2
199	p2c2
2	pIc1
20	pIc2
200	p2c2
201	p2c2
202	p2c2
203	p2c2
204	p2c2
205	p2c2
206	p2c3
207	p2c3
208	p2c3
209	p2c3
21	pIc2
210	p2c3
211	p2c3
212	p2c3
213	p2c3
214	p2c3
215	p2c3
216	p2c3
217	p2c3
218	p2c3
219	p2c3
22	pIc2
220	p2c3
221	p2c3
222	p2c3
223	p2c3
224	p2c3
225	p2c3
226	p2c3
227	p2c3
228	p2c3
229	p2c3
23	pIc2
230	p2c3
231	p2c3
232	p2c3
233	p2c3
234	p2c3
235	p2c3
236	p2c3
237	p2c3
238	p2c3
239	p2c3
24	pIc2
240	p2c3
241	p2c3
242	p2c3
243	p2c3
244	p2c3
245	p2c3
246	p2c3
247	p2c3
248	p2c3
249	p2c3
25	pIc2
250	p2c3
251	p2c3
252	p2c3
253	p2c3
254	p2c3
255	p2c3
256	p2c3
257	p2c3
258	p2c3
259	p2c3
26	pIc2
260	p2c3
261	p2c3
262	p2c3
263	p2c3
264	p2c3
265	p2c4
266	p2c4
267	p2c4
268	p2c4
269	p2c4
269-2	p2c4
27	pIc2
270	p2c5
271	p2c5
272	p2c5
273	p2c5
274	p2c5
275	p2c5
276	p2c5
277	p2c5
278	p2c5
279	p2c5
28	pIc2
280	p2c6
281	p2c6
282	p2c6
283	p2c6
284	p2c6
285	p2c6
286	p2c6
287	p2c6
288	p2c6
289	p2c6
29	pIc2
290	p2c6
291	p2c6
292	p2c6
293	p2c6
294	p2c6
295	p2c7
296	p2c7
297	p2c7
298	p2c7
299	p2c7
3	pIc2
30	pIc2
300	p2c7
301	p2c7
302	p2c7
303	p2c8
304	p2c8
305	p2c8
306	p2c8
307	p2c8
308	p2c8
309	p2c8
31	pIc2
310	p2c8
311	p2c8
312	p2c8
313	p2c8
314	p2c8
315	p2c8
316	p2c8
317	p2c8
318	p2c8
319	p2c8
32	pIc2
32-2	pIc2
320	p2c8
321	p2c8
322	p2c8
323	p2c8
324	p2c8
325	p2c8
326	p2c8
327	p2c8
328	p2c8
329	p2c8
33	pIcIII
330	p2c8
331	p2c8
332	p2c8
333	p2c8
334	p2c8
335	p2c8
336	p2c8
337	p2c8
338	p2c8
339	p2c8
34	pIcIII
340	p2c8
341	p2c8
342	p2c9
343	p2c9
344	p2c9
345	p2c9
346	p2c9
347	p2c9
348	p2c9
349	p2c9
35	pIcIII
350	p2c9
351	p2c9
352	p2c9
353	p2c9
354	p2c9
355	p2c9
356	p2c9
357	p2c9
358	p2c9
359	p2c9
36	pIcIII
360	p2c9
361	p2c9
362	p2c9
363	p2c9
364	p2c9
365	p2c9
366	p2c9
367	p2c9
368	p2c9
369	p2c10
37	pIcIII
370	p2c10
371	p2c10
372	p2c10
373	p2c10
374	p2c10
375	p2c10
376	p2c10
377	p2c10
378	p2c10
379	p2c10
380	p2c10
381	p2c10
382	p2c10
383	p2c10
384	p2c10
385	p2c10
386	p2c10
387	p2c10
388	p2c10
389	p2c10
390	p2c10
391	p2c10
392	p2c10
393	p2c10
394	p2c10
395	p2c10
396	p2c10
397	p2c10
398	p2c10
398-10	p2c10
398-11	p2c10
398-12	p2c10
398-13	p2c10
398-14	p2c10
398-15	p2c10
398-16	p2c10
398-17	p2c10
398-18	p2c10
398-19	p2c10
398-2	p2c10
398-20	p2c10
398-21	p2c10
398-22	p2c10
398-3	p2c10
398-4	p2c10
398-5	p2c10
398-6	p2c10
398-7	p2c10
398-8	p2c10
398-9	p2c10
399	pIIIcI
4	pIc2
400	pIIIcI
401	pIIIcI
402	pIIIcI
403	pIIIcI
404	pIIIcI
405	pIIIcI
406	pIIIcI
407	pIIIcI
408	pIIIcI
409	pIIIcI
410	pIIIcI
411	pIIIcI
412	pIIIcI
413	pIIIcI
414	pIIIcI
415	pIIIcI
416	pIIIcI
417	pIIIcI
418	pIIIcI
419	pIIIcI
420	pIIIcI
421	pIIIcI
422	pIIIcI
423	pIIIcI
424	pIIIcI
425	pIIIcI
426	pIIIcI
427	pIIIcI
428	pIIIcI
429	pIIIcI
430	pIIIcI
431	pIIIcI
432	pIIIcI
433	pIIIcI
434	pIIIcI
435	pIIIcI
436	pIIIcI
437	pIIIcI
438	pIIIcI
439	pIIIcI
440	pIIIcI
441	pIIIcI
442	pIIIcI
443	pIIIcI
444	pIIIcI
445	pIIIcI
446	pIIIcI
447	pIIIcI
448	pIIIcI
449	pIIIcI
450	pIIIcI
451	pIIIcI
452	pIIIcI
453	pIIIcI
454	pIIIcI
455	pIIIcI
456	pIIIcI
457	pIIIcI
458	pIIIcI
459	pIIIcI
460	pIIIcI
461	pIIIcI
462	pIIIcI
463	pIIIcI
464	pIIIcI
465	pIIIcI
465-2	pIIIcI
465-3	pIIIcI
465-4	pIIIcI
465-5	pIIIcI
466	pIIIcI
467	pIIIcI
468	pIIIcI
469	pIIIcI
470	pIIIcI
471	pIIIcI
472	pIIIcI
473	pIIIcI
474	pIIIcI
475	pIIIcI
476	pIIIcI
477	pIIIcI
478	pIIIcI
479	pIIIcI
480	pIIIcI
481	pIIIcI
482	pIIIcI
483	pIIIcI
484	pIIIcI
485	pIIIcI
486	pIIIcI
487	pIIIcI
488	pIIIcI
489	pIIIcI
490	pIIIcI
491	pIIIcI
492	pIIIcI
493	pIIIcI
494	pIIIcI
495	pIIIcI
496	pIIIcI
497	pIIIcI
498	pIIIcI
499	pIIIcI
5	pIc2
500	pIIIcI
501	pIIIcI
502	pIIIcI
503	pIIIcI
504	pIIIcI
505	pIIIcI
506	pIIIcI
507	pIIIcI
508	pIIIcI
509	pIIIcI
510	pIIIcI
511	pIIIcI
512	pIIIcI
513	pIIIcI
514	pIIIcI
515	pIIIcI
516	pIIIcI
517	pIIIcI
518	pIIIcI
519	pIIIcI
520	pIIIcI
521	pIIIc2
522	pIIIc2
523	pIIIc2
524	pIIIc2
525	pIIIc2
526	pIIIc2
527	pIIIc2
528	pIIIc2
529	pIIIc2
530	pIIIc2
531	pIIIc2
532	pIIIc2
533	pIIIc2
534	pIIIc2
535	pIIIc2
536	pIIIc2
537	pIIIc2
538	pIIIc2
539	pIIIc2
540	pIIIc2
541	pIIIc2
542	pIIIc2
543	pIIIc2
544	pIIIc2
545	pIIIc2
546	pIIIc2
547	pIIIc2
548	pIIIc2
549	pIIIc2
550	pIIIc2
551	pIIIc2
552	pIIIc2
553	pIIIc2
554	pIIIc2
555	pIIIc2
556	pIIIc2
557	pIIIc2
558	pIIIc2
559	pIIIc2
560	pIIIc2
561	pIIIc2
562	pIIIc2
563	pIIIc2
564	pIIIc2
565	pIIIc2
566	pIIIc2
567	pIIIc2
568	pIIIc2
569	pIIIc2
570	pIIIc2
571	pIIIc2
572	pIIIc2
573	pIIIc2
574	pIIIc2
575	pIIIc2
576	pIIIc2
577	pIIIc2
578	pIIIc2
579	pIIIc2
580	pIIIc2
581	pIIIc2
582	pIIIc2
583	pIIIc2
584	pIIIc2
585	pIIIc2
586	pIIIc2
587	pIIIc2
588	pIIIc2
589	pIIIc2
590	pIIIc2
591	pIIIc2
592	pIIIc2
593	pIIIc2
594	pIIIc2
595	pIIIc2
596	pIIIc2
597	pIIIc2
598	pIIIc2
599	pIIIc2
6	pIc2
600	pIIIc2
601	pIIIc2
602	pIIIc2
603	pIIIc2
604	pIIIc2
605	pIIIc2
606	pIIIc2
607	pIIIc2
608	pIIIc2
609	pIIIc2
610	pIIIc2
611	pIIIc2
612	pIIIc2
613	pIIIc2
614	pIIIc2
615	pIIIc2
616	pIIIc2
617	pIIIc2
618	pIIIc2
619	pIIIc2
620	pIIIc2
621	pIIIc2
622	pIIIc2
623	pIIIc2
624	pIIIc2
625	pIIIc2
626	pIIIc2
627	pIIIc2
628	pIIIc2
629	pIIIc2
630	pIIIc2
631	pIIIc2
632	pIIIc2
633	pIIIc2
634	pIIIc2
635	pIIIc2
636	pIIIc2
637	pIIIc2
638	pIIIc2
639	pIIIc2
640	pIIIc2
641	pIIIc2
642	pIIIc2
643	pIIIc2
644	pIIIc2
645	pIIIc2
646	pIIIc2
647	pIIIc2
648	pIIIc2
649	pIIIc2
650	pIIIc2
651	pIIIc2
652	pIIIc2
653	pIIIc2
654	pIIIc2
655	pIIIc2
656	pIIIc2
657	pIIIc2
658	pIIIc2
659	pIIIc2
660	pIIIc2
661	pIIIc2
662	pIIIc2
663	pIIIc2
664	pIIIc2
665	pIIIc2
666	pIIIc2
667	pIIIc2
668	pIIIc2
669	pIIIc2
670	pIIIc2
671	pIIIc2
672	pIIIc2
673	pIIIc2
674	pIIIc2
675	pIIIc2
676	pIIIc2
677	pIIIc2
678	pIIIc2
679	pIIIc2
680	pIIIc2
681	pIIIc2
682	pIIIc2
683	pIIIc2
684	pIIIc2
685	pIIIc2
686	pIIIc2
687	pIIIc2
688	pIIIc2
689	pIIIc2
690	pIIIc2
691	pIIIc2
692	pIIIc2
693	pIIIc2
694	pIIIc2
695	pIIIc2
696	pIIIc2
697	pIIIc3
698	pIIIc3
699	pIIIc3
7	pIc2
700	pIIIc3
701	pIIIc3
702	pIIIc3
703	pIIIc4
704	pIIIc4
705	pIIIc4
706	pIIIc4
707	pIIIc4
708	pIIIc4
709	pIIIc5
710	pIIIc5
711	pIIIc5
712	pIIIc5
713	pIIIc5
714	pIIIc5
715	pIIIc5
716	pIIIc5
717	pIIIc5
718	pIIIc5
719	pIIIc5
720	pIIIc5
721	pIIIc5
722	pIIIc5
723	pIIIc5
724	pIIIc5
725	pIVcI
726	pIVcI
727	pIVcI
728	pIVcI
729	pIVcI
730	pIVcI
731	pIVcII
732	pIVcII
733	pIVcII
734	pIVcII
735	pIVcII
736	pIVcII
737	pIVcII
738	pIVcII
739	pIVcII
740	pIVcII
741	pIVcII
742	pIVcII
743	pIVcII
744	pIVcII
745	pIVcII
746	pIVcII
747	pIVcII
748	pIVcII
749	pIVcII
750	pIVcII
751	pIVcII
752	pIVcII
753	pIVcII
754	pIVcII
755	pIVcII
756	pIVcII
757	pIVcII
758	pIVcII
759	pIVcII
760	pIVcII
761	pIVcII
762	pIVcII
763	pIVcII
764	pIVcII
765	pIVcII
766	pIVcII
767	pIVcII
768	pIVcII
769	pIVcII
770	pIVcII
771	pIVcII
772	pIVcIII
773	pIVcIII
774	pIVcIII
775	pIVcIII
776	pIVcIII
777	pIVcIII
778	pIVcIII
779	pIVcIII
780	pIVcIII
781	pIVcIII
782	pIVcIII
783	pIVcIII
784	pIVcIII
785	pIVcIII
786	pIVcIII
787	pIVcIII
788	pIVcIII
789	pIVcIII
790	pIVcIII
791	pIVcIII
792	pIVcIII
793	pIVcIII
794	pIVcIII
795	pIVcIII
796	pIVcIII
797	pIVcIII
798	pIVcIII
799	pIVcIII
8	pIc2
800	pIVcIII
801	pIVcIII
802	pIVcIII
803	pIVcIII
804	pIVcIII
805	pIVcIII
806	pIVcIII
806-2	pIVcIII
806-3	pIVcIII
807	pIVcIII
808	pIVcIII
809	pIVcIII
810	pIVcIII
811	pIVcIII
811-2	pIVcIII
812	pIVcIII
813	pIVcIII
814	pIVcIII
815	pIVcIII
816	pIVcIII
817	pIVcIII
817-10	pIVcIII
817-11	pIVcIII
817-2	pIVcIII
817-3	pIVcIII
817-4	pIVcIII
817-5	pIVcIII
817-6	pIVcIII
817-7	pIVcIII
817-8	pIVcIII
817-9	pIVcIII
818	pIVcIV
819	pIVcIV
820	pIVcIV
821	pIVcIV
822	pIVcIV
823	pIVcIV
824	pIVcIV
825	pIVcIV
826	pIVcIV
827	pIVcIV
828	pIVcIV
829	pIVcIV
830	pIVcIV
831	pIVcIV
832	pIVcIV
833	pIVcIV
834	pIVcIV
834-2	pIVcIV
835	pIVcIV
836	pIVcIV
837	pIVcIV
838	pIVcV
839	pIVcV
840	pIVcV
841	pIVcV
842	pIVcV
843	pIVcV
844	pIVcV
845	pIVcV
846	pIVcV
847	pIVcV
848	pIVcV
849	pIVcV
85	pIcIV
850	pIVcV
851	pIVcV
852	pIVcV
853	pIVcV
854	pIVcV
855	pIVcV
856	pIVcV
857	pIVcV
857-2	pIVcV
858	pIVcV
859	pIVcV
859-2	pIVcV
859-3	pIVcV
86	pIcIV
860	pIVcV
861	pIVcV
862	pIVcV
863	pIVcV
864	pIVcV
865	pIVcV
866	pIVcV
867	pIVcV
868	pIVcV
869	pIVcV
87	pIcIV
870	pIVcV
871	pIVcV
872	pIVcV
873	pIVcV
874	pIVcV
875	pIVcV
876	pIVcVI
876-10	pIVcVI
876-2	pIVcVI
876-3	pIVcVI
876-4	pIVcVI
876-5	pIVcVI
876-6	pIVcVI
876-7	pIVcVI
876-8	pIVcVI
876-9	pIVcVI
877	pIVcVII
878	pIVcVII
879	pIVcVII
88	pIcIV
880	pIVcVII
881	pIVcVII
882	pVcI
883	pVcI
884	pVcI
885	pVcI
886	pVcII
887	pVcII
888	pVcII
889	pVcII
89	pIcIV
890	pVcII
891	pVcII
892	pVcII
893	pVcII
894	pVcII
895	pVcII
896	pVcIII
897	pVcIII
898	pVcIII
899	pVcIII
9	pIc2
90	pIcV
900	pVcIII
901	pVcIII
902	pVcIII
903	pVcIII
904	pVcIII
904-2	pVcIII
905	pVcIII
906	pVcIII
907	pVcIII
908	pVcIII
909	pVcIII
91	pIcV
910	pVcIII
911	pVcIII
912	pVcIII
913	pVcIII
914	pVcIII
915	pVcIV
916	pVcIV
917	pVcIV
918	pVcIV
919	pVcIV
92	pIcV
920	pVcIV
921	pVcIV
922	pVcIV
923	pVcIV
924	pVcIV
925	pVcIV
926	pVcIV
927	pVcIV
928	pVcIV
929	pVcIV
93	pIcV
930	pVcIV
931	pVcIV
932	pVcIV
933	pVcIV
934	pVcIV
935	pVcIV
936	pVcIV
937	pVcIV
938	pVcIV
939	pVcIV
94	pIcV
940	pVcIV
941	pVcV
942	pVcV
943	pVcV
944	pVcV
945	pVcV
946	pVcV
947	pVcV
948	pVcV
949	pVcV
95	pIcV
950	pVcV
951	pVcVI
952	pVcVI
953	pVcVI
954	pVcVI
955	pVcVI
956	pVcVI
957	pVcVI
958	pVcVI
958-2	pVcVI
958-3	pVcVI
959	pVcVI
96	pIcV
960	pVcVII
961	pVcVII
962	pVcVII
963	pVcVII
964	pVcVII
965	pVcVII
966	pVcVII
967	pVcVII
968	pVcVII
969	pVcVII
969-2	pVcVII
97	pIcV
970	pVcVII
971	pVcVII
972	pVcVII
973	pVcVII
974	pVcVII
975	pVcVII
976	pVcVII
977	pVcVII
978	pVcVII
979	pVcVII
98	pIcV
98-2	pIcV
980	pVcVII
981	pVcVII
982	pVcVII
983	pVcVII
984	pVcVII
985	pVcVII
986	pVcVII
987	pVcVII
988	pVcVII
989	pVcVII
99	pIcV
990	pVcVII
991	pVcVII
992	pVcVII
993	pVcVII
994	pVcVII
995	pVcVII
996	pVcVII
997	pVcVII
998	pVcVII
999	pVcVII
