H25-16-4	p2c10s1_General_Provisions
H19-16-5	p2c10s1_General_Provisions
H24-15-1	p2c10s1_General_Provisions
H24-14-U	p2c10s1_General_Provisions
H25-11-A	p2c10s1_General_Provisions
H19-12-1	p2c10s1_General_Provisions
H24-17-4	p2c10s1_General_Provisions
H26-36-I	p2c10s2_Effect_of_Mortgages
H25-13-4	p2c10s2_Effect_of_Mortgages
H18-9-2	p2c10s2_Effect_of_Mortgages
H21-15-3	p2c10s2_Effect_of_Mortgages
H19-13-E	p2c10s2_Effect_of_Mortgages
H19-16-4	p2c10s2_Effect_of_Mortgages
H19-16-3	p2c10s2_Effect_of_Mortgages
H24-15-3	p2c10s2_Effect_of_Mortgages
H25-11-E	p2c10s2_Effect_of_Mortgages
H24-15-5	p2c10s2_Effect_of_Mortgages
H26-11-A	p2c10s2_Effect_of_Mortgages
H24-15-4	p2c10s2_Effect_of_Mortgages
H26-11-E	p2c10s2_Effect_of_Mortgages
H19-16-2	p2c10s2_Effect_of_Mortgages
H19-16-1	p2c10s2_Effect_of_Mortgages
H26-14-E	p2c10s2_Effect_of_Mortgages
H26-14-G	p2c10s3_Extinction_of_Mortgages
H18-15-1	p2c10s4_Revolving_Mortgages
H18-15-2	p2c10s4_Revolving_Mortgages
H25-13-5	p2c10s4_Revolving_Mortgages
H25-16-3	p2c10s4_Revolving_Mortgages
H24-16-5	p2c10s4_Revolving_Mortgages
H18-15-5	p2c10s4_Revolving_Mortgages
H18-15-3	p2c10s4_Revolving_Mortgages
H18-15-4	p2c10s4_Revolving_Mortgages
H24-16-2	p2c10s4_Revolving_Mortgages
H24-16-1	p2c10s4_Revolving_Mortgages
H24-16-4	p2c10s4_Revolving_Mortgages
H24-16-3	p2c10s4_Revolving_Mortgages
H19-13-O	p2c10s4_Revolving_Mortgages
H24-12-2	p2c1s_Confusion_of_Rights
H24-22-3	p2c1s_Confusion_of_Rights
H24-12-1	p2c1s_Confusion_of_Rights
H24-12-3	p2c1s_Confusion_of_Rights
H26-14-I	p2c1s_Confusion_of_Rights
H24-12-5	p2c1s_Confusion_of_Rights
H26-11-G	p2c1s_Creation_and_Transfer_of_Real_Rights
H21-24-E	p2c1s_Creation_and_Transfer_of_Real_Rights
H24-17-1	p2c1s_Establishment_of_Real_Rights
H18-9-1	p2c1s_Establishment_of_Real_Rights
H19-11-3	p2c1s_Requirements_of_Perfection_of_Changes_in_Real_Rights_concerning_Immovable_properties
H19-8-A	p2c1s_Requirements_of_Perfection_of_Changes_in_Real_Rights_concerning_Immovable_properties
H21-24-E	p2c1s_Requirements_of_Perfection_of_Changes_in_Real_Rights_concerning_Immovable_properties
H19-11-5	p2c1s_Requirements_of_Perfection_of_Changes_in_Real_Rights_concerning_Immovable_properties
H24-10-2	p2c1s_Requirements_of_Perfection_of_Transfer_of_Real_Rights_concerning_Movables
H21-9-4	p2c2s1_Acquisition_of_Possessory_Rights
H21-9-2	p2c2s1_Acquisition_of_Possessory_Rights
H21-9-3	p2c2s1_Acquisition_of_Possessory_Rights
H24-14-A	p2c2s1_Acquisition_of_Possessory_Rights
H19-10-O	p2c2s1_Acquisition_of_Possessory_Rights
H21-9-1	p2c2s1_Acquisition_of_Possessory_Rights
H23-10-3	p2c2s1_Acquisition_of_Possessory_Rights
H23-10-4	p2c2s1_Acquisition_of_Possessory_Rights
H24-10-4	p2c2s1_Acquisition_of_Possessory_Rights
H24-10-3	p2c2s1_Acquisition_of_Possessory_Rights
H24-10-5	p2c2s1_Acquisition_of_Possessory_Rights
H21-8-A	p2c2s1_Acquisition_of_Possessory_Rights
H24-10-1	p2c2s1_Acquisition_of_Possessory_Rights
H18-32-5	p2c2s2_Effect_of_Possessory_Rights
H26-36-I	p2c2s2_Effect_of_Possessory_Rights
H19-10-O	p2c2s2_Effect_of_Possessory_Rights
H26-10-3	p2c2s2_Effect_of_Possessory_Rights
H26-10-2	p2c2s2_Effect_of_Possessory_Rights
H26-10-1	p2c2s2_Effect_of_Possessory_Rights
H25-8-1	p2c2s2_Effect_of_Possessory_Rights
H21-3-1	p2c2s2_Effect_of_Possessory_Rights
H23-9-2	p2c2s2_Effect_of_Possessory_Rights
H23-10-2	p2c2s2_Effect_of_Possessory_Rights
H23-9-3	p2c2s2_Effect_of_Possessory_Rights
H21-8-O	p2c2s2_Effect_of_Possessory_Rights
H27-12-O	p2c2s2_Effect_of_Possessory_Rights
H23-11-A	p2c2s2_Effect_of_Possessory_Rights
H24-8-3	p2c2s2_Effect_of_Possessory_Rights
H24-10-2	p2c2s2_Effect_of_Possessory_Rights
H26-36-C	p2c2s2_Effect_of_Possessory_Rights
H24-10-1	p2c2s2_Effect_of_Possessory_Rights
H21-10-2	p2c3s1_Extent_of_Ownership
H21-10-3	p2c3s1_Extent_of_Ownership
H21-7-5	p2c3s1_Extent_of_Ownership
H21-10-1	p2c3s1_Extent_of_Ownership
H26-12-A	p2c3s1_Extent_of_Ownership
H21-10-5	p2c3s1_Extent_of_Ownership
H22-8-I	p2c3s1_Extent_of_Ownership
H26-12-E	p2c3s1_Extent_of_Ownership
H26-12-C	p2c3s1_Extent_of_Ownership
H26-12-I	p2c3s1_Extent_of_Ownership
H24-10-1	p2c3s1_Extent_of_Ownership
H26-12-G	p2c3s1_Extent_of_Ownership
H23-10-1	p2c3s2_Acquisition_of_Ownership
H22-9-I	p2c3s2_Acquisition_of_Ownership
H25-8-5	p2c3s2_Acquisition_of_Ownership
H22-9-O	p2c3s2_Acquisition_of_Ownership
H25-8-3	p2c3s2_Acquisition_of_Ownership
H18-26-1	p2c3s3_Co-Ownership
H24-11-4	p2c3s3_Co-Ownership
H18-26-5	p2c3s3_Co-Ownership
H18-9-1	p2c4s_Content_of_Superficies
H25-11-O	p2c4s_Rents
H18-9-1	p2c5s_Content_of_Emphyteusis
H25-11-O	p2c5s_Demand_for_Extinction_of_Emphyteusis
H25-8-4	p2c6s_Acquisition_of_Servitudes_by_Prescription
H27-11-I	p2c6s_Appurtenant_Nature_of_Servitudes
H25-11-U	p2c6s_Content_of_Servitudes
H27-11-O	p2c6s_Content_of_Servitudes
H18-9-1	p2c6s_Content_of_Servitudes
H27-11-A	p2c6s_Extinctive_Prescription_of_Servitudes
H22-10-O	p2c6s_Extinctive_Prescription_of_Servitudes
H27-11-E	p2c6s_Extinctive_Prescription_of_Servitudes
H27-11-U	p2c6s_Indivisibility_of_Servitudes
H21-12-3	p2c7s_Collection_of_Fruits_by_Holders_of_Rights_of_Retention
H27-36-A	p2c7s_Collection_of_Fruits_by_Holders_of_Rights_of_Retention
H21-12-1	p2c7s_Content_of_Rights_of_Retention
H26-27-I	p2c7s_Content_of_Rights_of_Retention
H26-13-A	p2c7s_Content_of_Rights_of_Retention
H21-12-2	p2c7s_Content_of_Rights_of_Retention
H18-9-2	p2c7s_Content_of_Rights_of_Retention
H23-12-A	p2c7s_Content_of_Rights_of_Retention
H23-11-I	p2c7s_Demands_for_Reimbursement_of_Expenses_by_Holders_of_Rights_of_Retention
H26-36-E	p2c7s_Demands_for_Reimbursement_of_Expenses_by_Holders_of_Rights_of_Retention
H26-36-G	p2c7s_Demands_for_Reimbursement_of_Expenses_by_Holders_of_Rights_of_Retention
H20-12-1	p2c7s_Exercise_of_Rights_of_Retention_and_Extinctive_Prescription_of_Claims
H19-6-O	p2c7s_Exercise_of_Rights_of_Retention_and_Extinctive_Prescription_of_Claims
H26-13-G	p2c7s_Exercise_of_Rights_of_Retention_and_Extinctive_Prescription_of_Claims
H19-10-I	p2c7s_Extinction_of_Rights_of_Retention_by_Loss_of_Possession
H24-14-A	p2c7s_Extinction_of_Rights_of_Retention_by_Loss_of_Possession
H23-12-U	p2c7s_Extinction_of_Rights_of_Retention_by_Tender_of_Security
H20-12-4	p2c7s_Extinction_of_Rights_of_Retention_by_Tender_of_Security
H25-13-1	p2c7s_Indivisibility_of_Rights_of_Retention
H19-13-A	p2c7s_Indivisibility_of_Rights_of_Retention
H20-12-4	p2c7s_Indivisibility_of_Rights_of_Retention
H24-14-A	p2c7s_Keeping_the_Thing_Retained_by_Holders_of_Rights_of_Retention
H20-12-5	p2c7s_Keeping_the_Thing_Retained_by_Holders_of_Rights_of_Retention
H26-13-E	p2c7s_Keeping_the_Thing_Retained_by_Holders_of_Rights_of_Retention
H20-15-A	p2c7s_Keeping_the_Thing_Retained_by_Holders_of_Rights_of_Retention
H24-17-1	p2c8s1_General_Provisions
H26-13-A	p2c8s1_General_Provisions
H24-14-U	p2c8s1_General_Provisions
H18-9-2	p2c8s1_General_Provisions
H19-12-1	p2c8s1_General_Provisions
H26-13-I	p2c8s1_General_Provisions
H21-13-I	p2c8s1_General_Provisions
H19-14-1	p2c8s1_General_Provisions
H19-13-I	p2c8s2_Kinds_of_Statutory_Liens
H25-14-U	p2c8s2_Kinds_of_Statutory_Liens
H27-12-O	p2c8s2_Kinds_of_Statutory_Liens
H20-26-5	p2c8s2_Kinds_of_Statutory_Liens
H21-13-A	p2c8s2_Kinds_of_Statutory_Liens
H18-9-3	p2c8s2_Kinds_of_Statutory_Liens
H21-29-A	p2c8s2_Kinds_of_Statutory_Liens
H19-14-1	p2c8s2_Kinds_of_Statutory_Liens
H18-9-3	p2c8s3_Order_of_Priority_of_Statutory_Liens
H27-12-E	p2c8s3_Order_of_Priority_of_Statutory_Liens
H19-12-3	p2c8s3_Order_of_Priority_of_Statutory_Liens
H25-14-E	p2c8s4_Effect_of_Statutory_Liens
H24-17-1	p2c8s4_Effect_of_Statutory_Liens
H25-13-2	p2c8s4_Effect_of_Statutory_Liens
H25-14-A	p2c8s4_Effect_of_Statutory_Liens
H19-12-5	p2c8s4_Effect_of_Statutory_Liens
H27-12-E	p2c8s4_Effect_of_Statutory_Liens
H19-12-3	p2c8s4_Effect_of_Statutory_Liens
H25-14-I	p2c8s4_Effect_of_Statutory_Liens
H22-11-1	p2c9s1_General_Provisions
H20-12-2	p2c9s1_General_Provisions
H20-12-1	p2c9s1_General_Provisions
H20-12-4	p2c9s1_General_Provisions
H21-13-O	p2c9s1_General_Provisions
H24-10-4	p2c9s1_General_Provisions
H20-12-5	p2c9s1_General_Provisions
H24-17-2	p2c9s1_General_Provisions
H26-36-E	p2c9s1_General_Provisions
H19-12-1	p2c9s1_General_Provisions
H20-15-A	p2c9s1_General_Provisions
H21-13-E	p2c9s1_General_Provisions
H19-13-U	p2c9s1_General_Provisions
H19-12-4	p2c9s1_General_Provisions
H22-11-5	p2c9s2_Pledges_of_Movables
H22-11-2	p2c9s2_Pledges_of_Movables
H24-17-3	p2c9s3_Pledges_of_Immovable_Properties
H21-3-4	p2c9s3_Pledges_of_Immovable_Properties
H26-11-I	p2c9s3_Pledges_of_Immovable_Properties
H25-13-3	p2c9s4_Pledges_of_Rights
H23-13-I	p2c9s4_Pledges_of_Rights
H24-9-4	p2c9s4_Pledges_of_Rights
H23-13-E	p2c9s4_Pledges_of_Rights
H23-13-A	p2c9s4_Pledges_of_Rights
H25-26-5	pIIIc2s10_Mandates
H22-26-U	pIIIc2s10_Mandates
H22-27-4	pIIIc2s10_Mandates
H25-26-3	pIIIc2s10_Mandates
H25-26-4	pIIIc2s10_Mandates
H25-26-1	pIIIc2s10_Mandates
H25-26-2	pIIIc2s10_Mandates
H19-26-I	pIIIc2s10_Mandates
H22-26-A	pIIIc2s10_Mandates
H25-29-E	pIIIc2s10_Mandates
H22-26-E	pIIIc2s10_Mandates
H19-26-U	pIIIc2s10_Mandates
H22-26-I	pIIIc2s10_Mandates
H20-26-3	pIIIc2s10_Mandates
H19-26-O	pIIIc2s10_Mandates
H23-11-E	pIIIc2s10_Mandates
H26-27-A	pIIIc2s10_Mandates
H26-36-A	pIIIc2s10_Mandates
H22-17-4	pIIIc2s10_Mandates
H26-27-E	pIIIc2s10_Mandates
H19-30-5	pIIIc2s10_Mandates
H21-24-I	pIIIc2s10_Mandates
H25-29-U	pIIIc2s10_Mandates
H27-22-4	pIIIc2s10_Mandates
H25-27-4	pIIIc2s11_Deposits
H20-15-I	pIIIc2s11_Deposits
H25-27-2	pIIIc2s11_Deposits
H21-9-3	pIIIc2s11_Deposits
H25-29-O	pIIIc2s11_Deposits
H25-27-1	pIIIc2s11_Deposits
H23-11-E	pIIIc2s11_Deposits
H24-28-5	pIIIc2s11_Deposits
H27-22-4	pIIIc2s11_Deposits
H20-27-U	pIIIc2s12_Partnerships
H20-27-E	pIIIc2s12_Partnerships
H25-28-A	pIIIc2s12_Partnerships
H20-27-A	pIIIc2s12_Partnerships
H20-27-O	pIIIc2s12_Partnerships
H21-26-U	pIIIc2s12_Partnerships
H24-28-4	pIIIc2s12_Partnerships
H20-27-I	pIIIc2s12_Partnerships
H22-15-U	pIIIc2s12_Partnerships
H18-23-U	pIIIc2s1_General_Provisions
H27-35-E	pIIIc2s1_General_Provisions
H27-36-E	pIIIc2s1_General_Provisions
H23-12-U	pIIIc2s1_General_Provisions
H27-21-E	pIIIc2s1_General_Provisions
H23-2-E	pIIIc2s1_General_Provisions
H23-2-A	pIIIc2s1_General_Provisions
H24-24-U	pIIIc2s1_General_Provisions
H21-26-O	pIIIc2s1_General_Provisions
H27-21-O	pIIIc2s1_General_Provisions
H24-30-3	pIIIc2s1_General_Provisions
H27-22-1	pIIIc2s1_General_Provisions
H18-23-I	pIIIc2s1_General_Provisions
H23-12-A	pIIIc2s1_General_Provisions
H26-16-E	pIIIc2s1_General_Provisions
H22-25-3	pIIIc2s1_General_Provisions
H26-16-C	pIIIc2s1_General_Provisions
H27-22-4	pIIIc2s1_General_Provisions
H26-22-2	pIIIc2s2_Gifts
H26-22-1	pIIIc2s2_Gifts
H21-24-A	pIIIc2s2_Gifts
H26-24-E	pIIIc2s2_Gifts
H22-22-2	pIIIc2s2_Gifts
H26-22-4	pIIIc2s2_Gifts
H22-4-I	pIIIc2s3_Sale
H23-25-I	pIIIc2s3_Sale
H27-36-I	pIIIc2s3_Sale
H21-3-2	pIIIc2s3_Sale
H25-24-O	pIIIc2s3_Sale
H23-25-U	pIIIc2s3_Sale
H23-26-3	pIIIc2s3_Sale
H23-25-O	pIIIc2s3_Sale
H20-22-1	pIIIc2s3_Sale
H25-24-I	pIIIc2s3_Sale
H18-1-2	pIIIc2s3_Sale
H18-1-3	pIIIc2s3_Sale
H25-24-E	pIIIc2s3_Sale
H26-23-A	pIIIc2s3_Sale
H25-24-A	pIIIc2s3_Sale
H26-11-G	pIIIc2s3_Sale
H26-23-E	pIIIc2s3_Sale
H23-25-E	pIIIc2s3_Sale
H26-34-I	pIIIc2s3_Sale
H22-27-1	pIIIc2s3_Sale
H18-1-1	pIIIc2s3_Sale
H22-27-2	pIIIc2s3_Sale
H26-23-G	pIIIc2s3_Sale
H27-23-E	pIIIc2s5_Loans_for_Consumption
H24-25-1	pIIIc2s5_Loans_for_Consumption
H24-28-1	pIIIc2s5_Loans_for_Consumption
H27-23-I	pIIIc2s5_Loans_for_Consumption
H19-15-I	pIIIc2s5_Loans_for_Consumption
H20-23-5	pIIIc2s5_Loans_for_Consumption
H24-25-5	pIIIc2s5_Loans_for_Consumption
H26-25-4	pIIIc2s5_Loans_for_Consumption
H26-25-3	pIIIc2s5_Loans_for_Consumption
H26-25-2	pIIIc2s5_Loans_for_Consumption
H27-23-O	pIIIc2s5_Loans_for_Consumption
H27-23-A	pIIIc2s5_Loans_for_Consumption
H27-24-3	pIIIc2s6_Loans_for_Use
H27-24-4	pIIIc2s6_Loans_for_Use
H26-24-A	pIIIc2s6_Loans_for_Use
H24-28-2	pIIIc2s6_Loans_for_Use
H26-24-E	pIIIc2s6_Loans_for_Use
H26-24-I	pIIIc2s6_Loans_for_Use
H26-24-G	pIIIc2s6_Loans_for_Use
H27-24-1	pIIIc2s6_Loans_for_Use
H27-24-2	pIIIc2s6_Loans_for_Use
H22-27-3	pIIIc2s7_Leases
H27-23-E	pIIIc2s7_Leases
H27-23-I	pIIIc2s7_Leases
H21-26-U	pIIIc2s7_Leases
H22-23-A	pIIIc2s7_Leases
H27-23-A	pIIIc2s7_Leases
H22-19-A	pIIIc2s7_Leases
H22-23-E	pIIIc2s7_Leases
H27-25-A	pIIIc2s7_Leases
H27-23-U	pIIIc2s7_Leases
H27-24-4	pIIIc2s7_Leases
H24-28-3	pIIIc2s7_Leases
H20-24-5	pIIIc2s7_Leases
H22-23-O	pIIIc2s7_Leases
H26-37-G	pIIIc2s7_Leases
H27-23-O	pIIIc2s7_Leases
H27-25-O	pIIIc2s7_Leases
H27-24-1	pIIIc2s7_Leases
H27-24-2	pIIIc2s7_Leases
H25-29-A	pIIIc2s8_Employment
H20-26-2	pIIIc2s8_Employment
H20-26-1	pIIIc2s8_Employment
H27-26-A	pIIIc2s9_Contracts_for_Work
H27-27-A	pIIIc2s9_Contracts_for_Work
H22-27-5	pIIIc2s9_Contracts_for_Work
H21-26-A	pIIIc2s9_Contracts_for_Work
H24-27-A	pIIIc2s9_Contracts_for_Work
H27-27-E	pIIIc2s9_Contracts_for_Work
H25-29-I	pIIIc2s9_Contracts_for_Work
H24-27-O	pIIIc2s9_Contracts_for_Work
H27-26-U	pIIIc2s9_Contracts_for_Work
H27-27-U	pIIIc2s9_Contracts_for_Work
H20-26-2	pIIIc2s9_Contracts_for_Work
H27-26-I	pIIIc2s9_Contracts_for_Work
H24-27-E	pIIIc2s9_Contracts_for_Work
H27-27-I	pIIIc2s9_Contracts_for_Work
H24-27-I	pIIIc2s9_Contracts_for_Work
H22-25-3	pIIIc2s9_Contracts_for_Work
H27-22-3	pIIIc2s9_Contracts_for_Work
H24-30-2	pIIIc2s9_Contracts_for_Work
H27-27-O	pIIIc2s9_Contracts_for_Work
H19-30-1	pIIIc3s_Continuation_of_Management_of_Business_by_Managers
H26-27-I	pIIIc3s_Managers'_Claims_for_Reimbursement_of_Costs
H19-30-1	pIIIc3s_Managers'_Claims_for_Reimbursement_of_Costs
H23-11-O	pIIIc3s_Managers'_Claims_for_Reimbursement_of_Costs
H18-2-4	pIIIc3s_Managers'_Claims_for_Reimbursement_of_Costs
H21-25-3	pIIIc3s_Managers'_Claims_for_Reimbursement_of_Costs
H26-36-A	pIIIc3s_Managers'_Claims_for_Reimbursement_of_Costs
H26-27-E	pIIIc3s_Managers'_Claims_for_Reimbursement_of_Costs
H26-27-A	pIIIc3s_Mutatis_Mutandis_Application_of_Provisions_on_Mandates
H26-27-E	pIIIc3s_Mutatis_Mutandis_Application_of_Provisions_on_Mandates
H19-30-5	pIIIc3s_Mutatis_Mutandis_Application_of_Provisions_on_Mandates
H18-2-1	pIIIc3s_Negotiorum_Gestio_(Management_of_Business)
H18-2-5	pIIIc3s_Negotiorum_Gestio_(Management_of_Business)
H26-27-A	pIIIc3s_Negotiorum_Gestio_(Management_of_Business)
H26-36-A	pIIIc3s_Negotiorum_Gestio_(Management_of_Business)
H18-2-2	pIIIc3s_Urgent_Management_of_Business
H18-2-3	pIIIc3s_Urgent_Management_of_Business
H19-30-3	pIIIc3s_Urgent_Management_of_Business
H26-27-C	pIIIc3s_Urgent_Management_of_Business
H22-28-1	pIIIc4s_Obligation_of_Beneficiaries_in_Bad_Faith_to_Return
H22-28-3	pIIIc4s_Performance_before_Due_Date
H23-29-2	pIIIc4s_Performance_before_Due_Date
H22-28-2	pIIIc4s_Performance_knowing_of_Absence_of_Obligation
H22-28-4	pIIIc4s_Performance_of_Obligations_of_Others
H21-5-3	pIIIc4s_Performance_of_Obligations_of_Others
H24-29-1	pIIIc5s_Capacity_for_Liability
H27-28-I	pIIIc5s_Capacity_for_Liability
H27-28-A	pIIIc5s_Compensation_for_Damages_to_Next_of_Kin
H24-29-3	pIIIc5s_Compensation_for_Damages_to_Next_of_Kin
H23-1-3	pIIIc5s_Damages_in_Torts
H18-3-2	pIIIc5s_Liability_of_Employers
H20-28-U	pIIIc5s_Liability_of_Employers
H20-28-E	pIIIc5s_Liability_of_Employers
H18-3-4	pIIIc5s_Liability_of_Employers
H27-28-U	pIIIc5s_Liability_of_Employers
H25-30-3	pIIIc5s_Liability_of_Employers
H25-30-4	pIIIc5s_Liability_of_Party_Ordering_Work
H20-28-A	pIIIc5s_Liability_of_Person_Obligated_to_Supervise_a_Person_without_Capacity
H20-28-I	pIIIc5s_Liability_of_Person_Obligated_to_Supervise_a_Person_without_Capacity
H20-28-O	pIIIc5s_Liability_of_Possessor_and_Owner_of_Structure_on_Land
H26-29-2	pIIIc5s_Liability_of_Possessor_and_Owner_of_Structure_on_Land
H25-6-E	pIIIc5s_Restriction_of_Period_of_Right_to_Demand_Compensation_for_Damages_in_Tort
H20-18-E	pIIIcIsIII_Claims_and_Obligations_of_Multiple-Parties
H24-20-E	pIIIcIsIII_Claims_and_Obligations_of_Multiple-Parties
H26-19-G	pIIIcIsIII_Claims_and_Obligations_of_Multiple-Parties
H26-19-E	pIIIcIsIII_Claims_and_Obligations_of_Multiple-Parties
H18-21-2	pIIIcIsIII_Claims_and_Obligations_of_Multiple-Parties
H20-18-A	pIIIcIsIII_Claims_and_Obligations_of_Multiple-Parties
H24-20-I	pIIIcIsIII_Claims_and_Obligations_of_Multiple-Parties
H21-25-5	pIIIcIsIII_Claims_and_Obligations_of_Multiple-Parties
H18-28-4	pIIIcIsIII_Claims_and_Obligations_of_Multiple-Parties
H21-19-U	pIIIcIsIII_Claims_and_Obligations_of_Multiple-Parties
H24-20-A	pIIIcIsIII_Claims_and_Obligations_of_Multiple-Parties
H18-28-3	pIIIcIsIII_Claims_and_Obligations_of_Multiple-Parties
H18-28-2	pIIIcIsIII_Claims_and_Obligations_of_Multiple-Parties
H18-28-1	pIIIcIsIII_Claims_and_Obligations_of_Multiple-Parties
H20-18-U	pIIIcIsIII_Claims_and_Obligations_of_Multiple-Parties
H21-19-I	pIIIcIsIII_Claims_and_Obligations_of_Multiple-Parties
H24-23-1	pIIIcIsIII_Claims_and_Obligations_of_Multiple-Parties
H24-23-3	pIIIcIsIII_Claims_and_Obligations_of_Multiple-Parties
H27-36-U	pIIIcIsIII_Claims_and_Obligations_of_Multiple-Parties
H20-18-O	pIIIcIsIII_Claims_and_Obligations_of_Multiple-Parties
H21-19-A	pIIIcIsIII_Claims_and_Obligations_of_Multiple-Parties
H21-19-E	pIIIcIsIII_Claims_and_Obligations_of_Multiple-Parties
H22-18-I	pIIIcIsIII_Claims_and_Obligations_of_Multiple-Parties
H24-7-E	pIIIcIsIII_Claims_and_Obligations_of_Multiple-Parties
H26-18-4	pIIIcIsIII_Claims_and_Obligations_of_Multiple-Parties
H26-18-2	pIIIcIsIII_Claims_and_Obligations_of_Multiple-Parties
H26-18-1	pIIIcIsIII_Claims_and_Obligations_of_Multiple-Parties
H23-19-5	pIIIcIsIII_Claims_and_Obligations_of_Multiple-Parties
H24-20-U	pIIIcIsIII_Claims_and_Obligations_of_Multiple-Parties
H21-24-O	pIIIcIsIII_Claims_and_Obligations_of_Multiple-Parties
H24-7-O	pIIIcIsIII_Claims_and_Obligations_of_Multiple-Parties
H23-19-1	pIIIcIsIII_Claims_and_Obligations_of_Multiple-Parties
H24-20-O	pIIIcIsIII_Claims_and_Obligations_of_Multiple-Parties
H26-19-C	pIIIcIsIII_Claims_and_Obligations_of_Multiple-Parties
H24-30-1	pIIIcIsIII_Claims_and_Obligations_of_Multiple-Parties
H26-19-A	pIIIcIsIII_Claims_and_Obligations_of_Multiple-Parties
H23-5-3	pIIIcIsII_Effect_of_Claims
H25-22-3	pIIIcIsII_Effect_of_Claims
H25-22-4	pIIIcIsII_Effect_of_Claims
H25-22-1	pIIIcIsII_Effect_of_Claims
H25-22-2	pIIIcIsII_Effect_of_Claims
H18-29-5	pIIIcIsII_Effect_of_Claims
H23-17-1	pIIIcIsII_Effect_of_Claims
H18-29-4	pIIIcIsII_Effect_of_Claims
H19-17-2	pIIIcIsII_Effect_of_Claims
H24-19-1	pIIIcIsII_Effect_of_Claims
H27-15-I	pIIIcIsII_Effect_of_Claims
H24-8-5	pIIIcIsII_Effect_of_Claims
H19-17-1	pIIIcIsII_Effect_of_Claims
H27-22-1	pIIIcIsII_Effect_of_Claims
H26-17-C	pIIIcIsII_Effect_of_Claims
H21-20-4	pIIIcIsIV_Assignment_of_Claims
H22-19-O	pIIIcIsIV_Assignment_of_Claims
H21-20-2	pIIIcIsIV_Assignment_of_Claims
H27-6-2	pIIIcIsIV_Assignment_of_Claims
H27-21-O	pIIIcIsIV_Assignment_of_Claims
H23-13-E	pIIIcIsIV_Assignment_of_Claims
H26-37-C	pIIIcIsIV_Assignment_of_Claims
H22-14-A	pIIIcIsI_Subject_of_Claim
H26-22-3	pIIIcIsI_Subject_of_Claim
H22-14-O	pIIIcIsI_Subject_of_Claim
H24-9-4	pIIIcIsI_Subject_of_Claim
H22-14-I	pIIIcIsI_Subject_of_Claim
H27-36-O	pIIIcIsI_Subject_of_Claim
H26-24-G	pIIIcIsI_Subject_of_Claim
H22-14-E	pIIIcIsI_Subject_of_Claim
H26-16-C	pIIIcIsI_Subject_of_Claim
H20-30-O	pIIIcIsV_Extinction_of_Claims
H26-20-1	pIIIcIsV_Extinction_of_Claims
H20-19-E	pIIIcIsV_Extinction_of_Claims
H26-16-I	pIIIcIsV_Extinction_of_Claims
H25-15-4	pIIIcIsV_Extinction_of_Claims
H22-5-I	pIIIcIsV_Extinction_of_Claims
H25-3-3	pIIIcIsV_Extinction_of_Claims
H26-20-5	pIIIcIsV_Extinction_of_Claims
H20-19-A	pIIIcIsV_Extinction_of_Claims
H25-23-U	pIIIcIsV_Extinction_of_Claims
H26-20-4	pIIIcIsV_Extinction_of_Claims
H26-20-3	pIIIcIsV_Extinction_of_Claims
H25-21-U	pIIIcIsV_Extinction_of_Claims
H26-20-2	pIIIcIsV_Extinction_of_Claims
H27-19-U	pIIIcIsV_Extinction_of_Claims
H27-20-A	pIIIcIsV_Extinction_of_Claims
H21-25-4	pIIIcIsV_Extinction_of_Claims
H25-23-O	pIIIcIsV_Extinction_of_Claims
H19-20-I	pIIIcIsV_Extinction_of_Claims
H20-19-I	pIIIcIsV_Extinction_of_Claims
H25-21-O	pIIIcIsV_Extinction_of_Claims
H23-21-4	pIIIcIsV_Extinction_of_Claims
H27-20-E	pIIIcIsV_Extinction_of_Claims
H21-21-3	pIIIcIsV_Extinction_of_Claims
H20-19-U	pIIIcIsV_Extinction_of_Claims
H21-21-1	pIIIcIsV_Extinction_of_Claims
H24-22-5	pIIIcIsV_Extinction_of_Claims
H27-35-U	pIIIcIsV_Extinction_of_Claims
H24-22-4	pIIIcIsV_Extinction_of_Claims
H27-19-I	pIIIcIsV_Extinction_of_Claims
H21-22-5	pIIIcIsV_Extinction_of_Claims
H26-23-A	pIIIcIsV_Extinction_of_Claims
H21-21-5	pIIIcIsV_Extinction_of_Claims
H20-19-O	pIIIcIsV_Extinction_of_Claims
H21-21-4	pIIIcIsV_Extinction_of_Claims
H23-23-A	pIIIcIsV_Extinction_of_Claims
H27-19-O	pIIIcIsV_Extinction_of_Claims
H24-22-1	pIIIcIsV_Extinction_of_Claims
H18-27-U	pIIIcIsV_Extinction_of_Claims
H25-23-I	pIIIcIsV_Extinction_of_Claims
H25-21-E	pIIIcIsV_Extinction_of_Claims
H22-21-2	pIIIcIsV_Extinction_of_Claims
H26-16-A	pIIIcIsV_Extinction_of_Claims
H22-21-4	pIIIcIsV_Extinction_of_Claims
H26-30-2	pIVcIIIs1_Natural_Children
H26-30-1	pIVcIIIs1_Natural_Children
H26-30-3	pIVcIIIs1_Natural_Children
H26-32-C	pIVcIIIs2_Adoption
H26-30-4	pIVcIIIs2_Adoption
H26-32-A	pIVcIIIs2_Adoption
H26-30-3	pIVcIIIs2_Adoption
H26-32-G	pIVcIIIs2_Adoption
H26-32-I	pIVcIIIs2_Adoption
H26-1-A	pIVcIIs1_Formation_of_Marriage
H27-29-A	pIVcIIs2_Effect_of_Marriage
H26-30-3	pIVcIIs2_Effect_of_Marriage
H26-30-1	pIVcIIs4_Divorce
H27-29-A	pIVcIIs4_Divorce
H27-31-I	pIVcIVs1_General_Provisions
H26-31-C	pIVcIVs1_General_Provisions
H27-29-U	pIVcIVs1_General_Provisions
H26-32-E	pIVcIVs1_General_Provisions
H27-31-U	pIVcIVs1_General_Provisions
H26-31-I	pIVcIVs2_Effect_of_Parental_Authority
H20-15-O	pIVcIVs2_Effect_of_Parental_Authority
H26-31-A	pIVcIVs3_Loss_of_Parental_Authority
H27-31-E	pIVcIVs3_Loss_of_Parental_Authority
H27-29-O	pIVcIs_End_of_Relationship_by_Affinity_by_Divorce_etc.
H20-3-4	pIVcVIs2_Assistance
H26-1-A	pIVcVs1_Commencement_of_Guardianship
H27-31-E	pIVcVs1_Commencement_of_Guardianship
H27-32-I	pIVcVs2_Organs_of_Guardianship
H26-31-G	pIVcVs2_Organs_of_Guardianship
H27-31-A	pIVcVs2_Organs_of_Guardianship
H27-32-E	pIVcVs2_Organs_of_Guardianship
H27-32-U	pIVcVs2_Organs_of_Guardianship
H26-31-E	pIVcVs3_Affairs_of_Guardian
H27-31-O	pIVcVs3_Affairs_of_Guardian
H26-3-C	pIVcVs3_Affairs_of_Guardian
H27-32-O	pIVcVs3_Affairs_of_Guardian
H27-32-E	pIVcVs3_Affairs_of_Guardian
H18-20-3	pIc2sII_Capacity_to_Act
H18-20-1	pIc2sII_Capacity_to_Act
H25-3-1	pIc2sII_Capacity_to_Act
H18-20-2	pIc2sII_Capacity_to_Act
H26-1-C	pIc2sII_Capacity_to_Act
H21-1-4	pIc2sII_Capacity_to_Act
H22-1-A	pIc2sII_Capacity_to_Act
H21-1-5	pIc2sII_Capacity_to_Act
H26-1-E	pIc2sII_Capacity_to_Act
H26-3-C	pIc2sII_Capacity_to_Act
H21-1-2	pIc2sII_Capacity_to_Act
H21-1-3	pIc2sII_Capacity_to_Act
H22-4-A	pIc2sII_Capacity_to_Act
H26-1-G	pIc2sII_Capacity_to_Act
H26-1-I	pIc2sII_Capacity_to_Act
H21-1-1	pIc2sII_Capacity_to_Act
H20-3-5	pIc2sII_Capacity_to_Act
H23-2-I	pIc2sII_Capacity_to_Act
H20-3-2	pIc2sII_Capacity_to_Act
H20-3-3	pIc2sII_Capacity_to_Act
H20-3-4	pIc2sII_Capacity_to_Act
H20-2-O	pIc2sII_Capacity_to_Act
H25-2-O	pIc2sII_Capacity_to_Act
H24-1-E	pIc2sII_Capacity_to_Act
H24-1-A	pIc2sII_Capacity_to_Act
H27-35-A	pIc2sII_Capacity_to_Act
H24-1-U	pIc2sII_Capacity_to_Act
H25-2-E	pIc2sII_Capacity_to_Act
H26-37-A	pIcIIIsI_Establishment_of_Juridical_Persons
H19-7-2	pIcIVs_Principal_and_Appurtenance
H21-3-5	pIcIVs_Vesting_of_Fruits
H19-6-I	pIcVIIsIII_Extinctive_Prescription
H18-21-3	pIcVIIsIII_Extinctive_Prescription
H26-6-A	pIcVIIsIII_Extinctive_Prescription
H19-6-A	pIcVIIsIII_Extinctive_Prescription
H24-11-1	pIcVIIsIII_Extinctive_Prescription
H24-9-1	pIcVIIsIII_Extinctive_Prescription
H25-6-E	pIcVIIsIII_Extinctive_Prescription
H19-5-3	pIcVIIsII_Acquisitive_Prescription
H26-14-G	pIcVIIsII_Acquisitive_Prescription
H18-21-2	pIcVIIsI_General_Provisions
H27-6-2	pIcVIIsI_General_Provisions
H27-6-1	pIcVIIsI_General_Provisions
H24-7-A	pIcVIIsI_General_Provisions
H26-18-1	pIcVIIsI_General_Provisions
H26-5-C	pIcVIs_Commencement_of_Period
H27-3-I	pIcVsIII_Agency
H23-4-O	pIcVsIII_Agency
H27-3-E	pIcVsIII_Agency
H25-3-5	pIcVsIII_Agency
H26-4-G	pIcVsIII_Agency
H26-3-G	pIcVsIII_Agency
H23-4-U	pIcVsIII_Agency
H22-4-E	pIcVsIII_Agency
H20-2-A	pIcVsIII_Agency
H24-5-1	pIcVsIII_Agency
H27-3-U	pIcVsIII_Agency
H23-3-A	pIcVsIII_Agency
H20-6-2	pIcVsIII_Agency
H20-6-5	pIcVsIII_Agency
H24-5-4	pIcVsIII_Agency
H27-35-O	pIcVsIII_Agency
H23-3-I	pIcVsIII_Agency
H24-5-3	pIcVsIII_Agency
H18-25-E	pIcVsIII_Agency
H24-4-A	pIcVsIII_Agency
H24-4-I	pIcVsIII_Agency
H25-4-U	pIcVsIII_Agency
H24-4-E	pIcVsIII_Agency
H24-4-O	pIcVsIII_Agency
H24-4-U	pIcVsIII_Agency
H22-1-I	pIcVsII_Manifestation_of_Intention
H23-1-4	pIcVsII_Manifestation_of_Intention
H23-1-5	pIcVsII_Manifestation_of_Intention
H23-1-2	pIcVsII_Manifestation_of_Intention
H26-2-A	pIcVsII_Manifestation_of_Intention
H23-1-3	pIcVsII_Manifestation_of_Intention
H20-30-I	pIcVsII_Manifestation_of_Intention
H23-2-O	pIcVsII_Manifestation_of_Intention
H19-1-5	pIcVsII_Manifestation_of_Intention
H22-3-A	pIcVsII_Manifestation_of_Intention
H26-2-G	pIcVsII_Manifestation_of_Intention
H25-2-U	pIcVsII_Manifestation_of_Intention
H19-1-3	pIcVsII_Manifestation_of_Intention
H24-2-4	pIcVsII_Manifestation_of_Intention
H23-2-A	pIcVsII_Manifestation_of_Intention
H27-3-U	pIcVsII_Manifestation_of_Intention
H21-27-O	pIcVsII_Manifestation_of_Intention
H26-37-E	pIcVsII_Manifestation_of_Intention
H25-2-I	pIcVsII_Manifestation_of_Intention
H23-5-2	pIcVsIV_Nullity_and_Rescission_of_Acts
H24-2-2	pIcVsIV_Nullity_and_Rescission_of_Acts
H23-5-1	pIcVsIV_Nullity_and_Rescission_of_Acts
H18-20-2	pIcVsIV_Nullity_and_Rescission_of_Acts
H24-2-1	pIcVsIV_Nullity_and_Rescission_of_Acts
H21-1-4	pIcVsIV_Nullity_and_Rescission_of_Acts
H25-2-E	pIcVsIV_Nullity_and_Rescission_of_Acts
H25-3-4	pIcVsIV_Nullity_and_Rescission_of_Acts
H21-5-4	pIcVsIV_Nullity_and_Rescission_of_Acts
H22-3-E	pIcVsIV_Nullity_and_Rescission_of_Acts
H22-15-A	pIcVsI_General_Provisions
H25-8-3	pIcVsI_General_Provisions
H22-5-U	pIcVsV_Conditions_and_Time_Limit
H24-6-A	pIcVsV_Conditions_and_Time_Limit
H27-5-E	pIcVsV_Conditions_and_Time_Limit
H27-5-U	pIcVsV_Conditions_and_Time_Limit
H19-4-I	pIcVsV_Conditions_and_Time_Limit
H22-5-O	pIcVsV_Conditions_and_Time_Limit
H24-6-I	pIcVsV_Conditions_and_Time_Limit
H24-6-U	pIcVsV_Conditions_and_Time_Limit
H26-25-5	pIcVsV_Conditions_and_Time_Limit
H19-1-5	pVcIIIs1_General_Provisions
H27-33-O	pVcIIIs1_General_Provisions
H26-34-I	pVcIIIs3_Division_of_Inherited_Property
H26-33-A	pVcIIs_Causes_of_Disqualification_of_Heir
H26-33-E	pVcIIs_Disinheritance_of_Presumed_Heir
H26-33-A	pVcIIs_Right_to_Inheritance_of_Child_and_Heir_per_Stirpes,_etc.
H20-15-E	pVcIVs2_Acceptance_of_Inheritance
H27-34-U	pVcVIIIs_Entitlement_and_Amount_of_Legally_Reserved_Portion
H26-33-E	pVcVIIIs_Entitlement_and_Amount_of_Legally_Reserved_Portion
H26-1-C	pVcVIIs1_General_Provisions
H27-33-E	pVcVIIs3_Effect_of_Will
H27-33-U	pVcVIIs3_Effect_of_Will
H27-33-I	pVcVIIs3_Effect_of_Will
H21-25-2	pVcVIIs3_Effect_of_Will
H27-35-I	pVcVIIs3_Effect_of_Will
H21-3-3	pVcVIIs3_Effect_of_Will
H27-33-O	pVcVIIs3_Effect_of_Will
H26-33-C	pVcVIIs4_Execution_of_Will
