H21-5-4	assuming a contract is void due to a mistake after the person making the manifestation ratifies it knowing that such act is void the contract shall become effective retroactively to the time of the act
H24-4-U	in cases the validity of a manifestation of intention should be affected by knowing any paricular circumstance whether or not such fact existed shall at the election of the principal be determined with eigther the principal or the agent
H23-1-4	in cases where the person who makes the manifestation forms a contract based on the fraud of the other person even if the obligation of the other person is not yet executed based on the contract the person who makes the manifestation cannot refused execution of his or her obligation for reason of fraud as long as the manifestation of intention is not rescinded
H25-2-O	a person who intends to conclude the contract with a person under curatorship in the capacity of interested person may request the family court to rescind the order of the commencement of curatorship because of his her having the sufficient the sufficient apacity to appreciate right or wrong
H18-20-1	in cases where an adult ward receives the gift of a building the adult ward cannot rescindthe relevant gift contract
H22-1-A	a minor can freely dispose of assets the statutory agent permits the disposition without specifying the purpose
H25-2-E	in the case where a person under curatorship obtains the consent of his her curator to conclude the contract of guarantee before concluding such contract he she may not cancel concluding such contract by self-determination
H26-2-A	in cases any third party commits any fraud inducing any person to make a manifestation of intention to the other party such manifestation of intention may be rescinded if the other party knew such fact on the other hand in cases any third party commits any duress inducing any person to make a manifestation of intention to the other party such manifestation of intention may be rescinded even if the other party did not know such fact
H22-4-E	for a contract completed by an unauthorized agent regardless of the fact that the counterparty requires the principal by fixing a reasonable period of time to make a definite answer on whether or not he she will ratify within such period of time if no definite answer has been given the other party can demand execution of the contract to the principal
H19-6-I	extinctive prescription for claims with unspecified due date commences to run on the time of arrival of such obligortime limit
H24-4-E	in cases where the principal ratifies the contract concluded by a person without authority of agency the contract shall be effective toward the future from the time of the rarification unless other intention is manifested
H24-2-2	in cases where the adult concluded a contract and later he she became subject to the ruling of commencement of guardianship the gurdian of adult may rescind the contract by proving that there is a ground for commencement of guardinaship
H24-1-A	any person who has insufficient capacity to appreciate right or wrong due to any mental disability may not request a ruling of commencement of assistance in person
H24-6-A	in cases where it is already established conclusively at the time of the performance of the applicable juristic act that a certain condition will not be fulfilled if such condition is a condition subsequent such juristic act shall be unconditional on the other hand if such condition is a condition precedent such juristic act shall be void
H20-3-2	an act of paying electricity charges by adult ward without obtaining the consent of his her guardian is not voidable
H24-5-4	if an unauthorized argent is unable to obtain the ratification of the principal the counterparty who did not konw and without negligence in not knowing that the agent had no authorigy of agency claim damages against him her
H18-20-3	the minor that has been appointed a guardian of a minor cannot request a ruling for commencement of guardianship and be appointed a guardian of an adult
H23-2-O	even if it is a contract offer with a determined consent period if the period is before or at the same time as the arrival of the offer it can be revoked
H22-1-I	if the other party of a manifestation of intention was a minor when the manifestation of intention was received that manifestation of intention does not take effect
H24-2-1	with respect to contracts concluded by the person with limited capacity if the person with limited capacity and the statutory agent have the right to rescind the counterparty also has
H27-5-E	in cases where a promised b that a would give his her car "x" when b would pass a graduation examination of the medical department if a sells his her car "x" to a third party c b may claim for the compensation for damages arising from a's act
H23-1-2	in cases where duress was induced by a third party if the counterparty of the manifestation of intention does not know of that fact the person who makes the manifestation cannot rescind the manifestation of intention
H23-3-A	even in cases where the principal ratifies an act of unauthorized agency toward an unauthorized agent if the counterparty does not know of this fact he or she can exercise the right to rescind
H24-2-4	in cases where a person with limited capacity manipulates any fraudulent means to induce others to believe that he she is a person with capacity his her jusistic act has effect even if there is a mistake in any element of the juristic act in question
H20-6-5	a subagent's acts are equivalent to an agent's acts because he she does not act in agency for the agent but in agency for the priciple so it is sufficient if he she indicates that his her acts are made on behalf of the principle
H23-1-3	in cases where the person who makes the manifestation believes a fictitious explanation of the counterparty and makes a manifestation of intention if there was no intention of fraud for the counterparty the person who makes the manifestation will not be rescued under civil code
H26-2-G	any person may assert a manifestation of intention is not only void by a mistake but also rescinded by fraud if he she made the manifestation of intention by a mistake in any element of the juristic act in question which the other party induced by fraud
H27-6-1	in cases where an obligor who is a person under curatorship acknowledge the obligation without the consent of his her curator the prescription of the claim shall not be nullified
H26-3-C	in cases where an adult ward may perform any act relating to daily life a guardian of the adult ward may not represent the adult ward in juristic acts relating to daily life
H27-3-E	in the case where b who was granted authority of agency to buy a land as an agent of a was granted authority of agency to sell the land by c became the agent of c and concluded a contract for sale of a land "x" between a and c if b notified to both a and c in advance that b was the agent of both parties the contract for sale binds a and c
H25-6-E	even if a right to demand compensation for damages due to torts is established in a settlement in a court proceeding and due date is fixed one year after the settlement such right shall be extinguished by the operation of prescription if it is not exercised by the victim within ten years from the time when such settlement had been mentioned in the record of settlement
H26-14-G	if twenty years has elapsed from the time when it becomes possible to execute the mortgage a mortgagor may assert the extinction of the mortgage by prescription
H22-5-O	a juristic act which is subject to a condition precedent is void if the condition is dependent on the willof the obligor
H25-3-4	even if the statutory agent of a person who made the manifestation of intention ratifies the rescindable act on the grounds of fraud such person may rescind such act when he she does not know the ratification
H18-20-2	in cases when the adult ward performs juristic acts other than acts related to everyday life even if the adult ward obtains approval from the guardian of the adult in advance for the relevant juristic act the adult ward can rescindthe juristic act
H22-15-A	in cases where an obligor does not perform an obligation the agreement of the parties involved that the obligee
H27-35-O	in cases where with respect to a contract for sale concluded by a unauthorized agent the counterparty requires the principal by fixing a reasonable period of time to make a definite answer on whether or not he she will ratify within such period of time if the principal fails to make any definite answer within such period he she is deemed to have ratified the contract for sale
H25-2-I	in the case where a person under curatorship concluded contract for sale with a third party with consent of his her curator even when there is a mistake in any element of the juristic act in question and he she was not grossly negligent he she may not assert such nullity by himself herself
H24-1-E	in cases any ruling for commencement of guardianship to a person under assistance is to be made the family court need not to rescind the ruling of commencement of assistance pertaining to such person
H21-1-5	the person in question may not request a commencement of guardianship but he she may request a commencement of curatorship
H19-1-3	a person who made a manifestation of intention which was induced by duress emanated from a third party may rescind such manifestation of intention on the basis of duress only if the other party knew or was negligent of such fact
H21-1-2	if a minor after getting permission for carrying a business from his her statutory agent performs an act unrelated to the business without getting consent of the statutory agent that act may not be rescinded
H23-1-5	in cases where a buyer who deceives a seller receives the transfer of ownership of land before the seller rescinds his or her manifestation of intention due to fraud even if someone has accepted the establishment of a mortgage of the land without knowing of the fraud the seller can revoke the manifestation of intention
H24-9-1	a claim may be extinguished by extinctive prescription however a real right may not
H26-1-C	a will made by an adult ward may be rescinded by guardian of the adult ward
H18-25-E	a person who has manifested to a third party that he she has granted certain authority of agency to other person s shall be relieved of his her liability of apparent authority if there is any proof that the third party knew or was negligent that the other person had not been granted authority of agency
H27-3-U	in the case where b who was granted authority of agency to buy a land as an agent of a concluded a contract for sale of a land "x" with c representing that the same is made on behalf of a by the fraud of c to b a may not rescind the contract for sale
H20-3-4	assuming cases where a making an order for commencement of assistance has been handed down it does not necessarily mean that the assistant naturally grants authority of representation
H19-6-A	extinctive prescription for claims with a specified due date commences to run on the time of arrival of such time limit
H23-2-A	the effect of manifestation of intention occurs when it arrives at the counterparty and thus a contract with a person at a distance forms when the manifestation of intention of acceptance arrives at the counterparty
H22-4-A	for a contract executed by a person under curatorship although the other party issue a notice to the person under curatorship which demands by establishing a certain period which is one month or more that he she should obtain the ratification of his her curator the person under curatorship fails to issue within the applicable period from that point on that other party cannot rescind the contract for the reason that the contract was executed by the person under curatorship
H24-6-I	juristic act which is subject to an unlawful condition shall be void however jusistic act which is subject to the condition that an unlawful act not be performed shall not be void
H25-3-1	with respect to an act which may be rescinded on the grounds of the limited capacity the person who is the counterparty to a person with limited capacity may after such person with limited capacity has become a person with capacity issue to such person a notice which demands by establishing a certain period which is one month or more that he she should give a definite answer on whether or not such person will ratify such act which may be rescinded within such period in such case if such person fails to send any definite answer within such period he she is deemed to have ratified such act
H19-5-3	even if the possessor started the possession without knowledge and was not negligent of another's ownership of the property in cases where he she subsequently knew another person's ownership during possession the period of prescription shall be calculated as a possessor in bad faith
H27-6-2	in cases where the obligee assigned a claim to any third party before the lapse of the period of prescription if the obligor has acknowledged the assignment of a claim to the assignee the prescription of the claim shall be nullified
H23-3-I	the counterparty of an act of unauthorized agency can determine a reasonable period of time for the principal and demand to ratify or not to ratify during that period and if the principal does not provide a definite answer within the time period the principal is deemed to have ratified
H24-5-3	a contract concluded by a person without any authority of agency may not be rescined by the counterparty who knew that the agent had no authority of agency at the time of the conclusion of the contract even before the principal ratifies it
H22-5-U	in cases where the obligor of monetary debt has the obligation to provide security if the security is not provided the obligor cannot assert the benefit of the time
H24-6-U	conditional rights may not be inherited while it is uncertain whether or not such condition has been fulfilled
H22-3-A	in cases where a person who has consented to the sale of real property due to duress of a third party and the other party does not know of the duress the person cannot rescind the consent
H25-4-U	in the case where a child who was not authorized by his her father sells the real property of the father as an agent of the father if the other party believe that the child was authorized and has reasonable grounds for believing that the agent has the authority apparent authority shall be effected
H26-1-E	the family court may order the commencement of curatorship without the consent of the person in question
H26-37-A	a general incorporated association shall have rights and assume duties to the extent of the purpose provided in the applicable articles of incorporation subject to the applicable provisions of the laws and regulations
H19-1-5	in cases where a fictitious sales contract was formed in collusion with another party even if the buyer's heir did not know such fact the seller may assert nullity of the contract in question
H21-1-4	if a person under curatorship performs without getting the consent an act that requires getting consent from his her curator the curator may ratify that act but may not rescind that act
H25-2-U	in cases any third party commits any fraud inducing any person to make a manifestation of intention to the other party and the other party did not know such fact if such manifestation of intention meets the requirement for invalid by mistake the person who made such manifestation of intention may assert nullity
H26-5-C	in cases of calculation of the period of prescription the first day of the period shall not be included for the purpose of the calculation unless the sases where the period commences at twelve midnight
H18-21-2	when jointly and severally liable guarantor person c acknowledges a claim from person a to person b before the prescription period has elapsed the effect of interruption of prescription also affects main obligor person b
H26-37-E	in consumer contract a contract concluded between a consumer and a business operator manifestation of intention of consumer which is induced by fraud of business operator may be rescinded
H26-6-A	the extinctive prescription of claims assigned unspecified due date commences to run when the obligee becomes aware of the arrival of such time limit
H20-2-A	a minor may not be an agent
H23-4-U	in cases where a privately appointed agent appoints a subagent due to unavoidable reasons the sub-agent only possesses a legal relationship with the agent so acts of the subagent are not acts of agency for the principal
H26-18-1	in cases where b c and d bears a joint and several obligation of 3 million yen to a and where each of them have the equally proportionate obligations even if a requests for performance to b the prescription shall not be nullified with respect to c and d who do not know that fact
H21-1-3	the purchase of daily household items may not be rescinded even if an adult ward performed the act
H20-3-5	if a person under curatorship commits a voidable act the counterparty of that act may issue a notice to any person under curatorship which demands that he she should obtain the ratification of his her curator but may not directly issue the notice to the curator which demands a response of whether or not the curator has ratified
H24-4-I	the authority of agency shall be terminated when the agent is subject to an order for the commencement of guardianship
H25-3-5	a contract concluded by a person without authority of agency may not be ratified by the principal after the time when the counterparty rescindes the contract
H26-4-G	even if a principal ratified the act of unauthorized agency against the unauthorized agent the principal may not assert the ratificatoin vis-a-vis even the unauthorized agent
H21-3-5	if person a donates a house that he she is renting to person c with a provision for the payment of rent at the end of every month to person b midway through the month if there is a special agreement between person a and person b the rent for the month will be distributed between person a and person b in proportion to the number of the days
H19-4-I	in a sales contract subject to a condition precedent the buyer that intentionally damaged the object while it is uncertain whether or not the condition has been fulfilled shall bear liability for damages to the seller whose expectation right is infringed
H26-1-I	the ruling of commencement of assistance at the request of any person other than the person in question shall require the consent of the person in question
H19-7-2	extended parts of the building shall be regarded as appurtenance
H24-4-O	a privately appointed agent shall not be responsible vis-a-vis the principal for the appointment and supervision of such sub-agent if it appointed the sub-agent in accordance with the nomination by the principal provided however that this shall not apply to the cases where the agent knows that the sub-agent is untrustworthy and fails to notify the principal thereof or to dismiss the sub-agent
H20-6-2	a self-contract and representation of both parties shall not produce an effect as a general rule excluding acts of performance of any obligation and acts authorized by principle in advance but since it is a system made to protect the principle he she may make it valid if he she ratifies it as an act of unauthorized agency
H21-27-O	in cases where person c was unaware that the ownership of real property l belonged to person a at the time of the execution of the sales contract between person b and person c since person c is mistaken regarding an essential element of the sales contract and the contract is not effective person b bears no obligation to acquire ownership from person a and transfer it to person c
H27-3-I	in the case where b who was granted authority of agency to buy a land as an agent of a concluded a contract for sale of a land "x" with c with no indication that it is made on behalf of a if c could have known that b is concluding a contract for sale on behalf of a the contract for sale binds a and c
H-A1-P0	private rights must conform to the public welfare
H-A1-P1	no abuse of rights is permitted
H-A1-P2	the exercise of rights and performance of duties must be done in good faith
H-A10-P0	when the cause set forth in article 7 ceases to exist the family court must rescind the ruling of the commencement of guardianship at the request of the person in question his her spouse any relative within the fourth degree of kinship the guardian hereinafter referring to the guardian of a minor and the guardian of an adult the supervisor of the guardian hereinafter referring to the supervisor of the guardian of a minor and the supervisor of the guardian of an adult or a public prosecutor
H-A100-P0	any manifestation of intention made by an agent with no indication that it is made on behalf of the principal is deemed to have been made for the agent's own behalf provided however that in cases the other party knew or could have known that the agent is acting on behalf of the principal the provision of the preceding paragraph shall apply mutatis mutandis
H-A101-P0	in cases the validity of a manifestation of intention should be affected by any absence of intention any fraud any duress or any negligence in knowing or not knowing any particular circumstance whether or not such fact existed shall be determined with reference to the agent
H-A101-P1	in cases an agent is entrusted to perform any specific juristic act if the agent performs such act in accordance with the instructions of the principal the principal may not assert that the agent did not know a particular circumstance which the principal knew the same shall apply to any circumstance which the principal did not know due to his her negligence
H-A102-P0	an agent need not to be a person with the capacity to act
H-A103-P0	an agent who has no specified authority shall have the authority to do the following acts only i acts of preservation and ii acts which have the purpose of using or improving any thing or right which is the subject of the agency to the extent such act does not change the nature of such property or right
H-A104-P0	a privately appointed agent may not appoint its sub-agent unless the authorization of the principal is obtained or there is an unavoidable reason to do so
H-A105-P0	a privately appointed agent shall not assume the responsibility set forth in the preceding paragraph if it appointed the sub-agent in accordance with the nomination by the principal provided however that this shall not apply to the cases where the agent knows that the sub-agent is unsuitable or untrustworthy and fails to notify the principal thereof or to dismiss the sub-agent
H-A105-P1	if an agent appoints a sub-agent pursuant to the provisions of the preceding article it shall be responsible vis-a-vis the principal for the appointment and supervision of such sub-agent
H-A106-P0	a statutory agent may appoint a sub-agent on its own responsibility in such case if there is any unavoidable reason it shall assume only the responsibility set forth in paragraph 1 of the preceding article
H-A107-P0	a sub-agent shall represent the principal with respect to any act within the scope of its authority
H-A107-P1	a sub-agent shall have the same rights and obligations as those of the agent vis-a-vis the principal and third parties
H-A108-P0	an agent may not be the agent of the other party or the agent of both parties in the same juristic act provided however that this shall not apply where the act constitutes the performance of any obligation or the act is authorized by the principal in advance
H-A109-P0	a person who manifested to a third party that he she granted certain authority of agency to other person s shall be liable for any act performed by such other person s with third parties within the scope of such authority unless such third parties knew or were negligent in not knowing that such other person s were not granted the authority of agency
H-A11-P0	with respect to any person who whose capacity is extremely insufficient to appreciate right or wrong due to any mental disability the family court may order the commencement of curatorship upon a request by the person in question his her spouse any relative within the fourth degree of kinship the guardian the supervisor of the guardian the assistant the supervisor of the assistant or a public prosecutor provided however that this shall not apply to any person in respect of whom a cause set forth in article 7 exists
H-A110-P0	the provision of the main clause of the preceding article shall apply mutatis mutandis to the case where an agent performs any act exceeding its authority and a third party has reasonable grounds for believing that the agent has the authority
H-A111-P0	the authority of agency shall be terminated upon i death of the principal and ii death of the agent or ruling of the commencement of bankruptcy procedures or ruling for commencement of guardianship against the agent
H-A111-P1	the authority of a privately appointed agent by mandate shall be terminated other than on the grounds listed in the respective items of the preceding paragraph upon the termination of the contract appointing him her
H-A112-P0	termination of the authority of agency may not be asserted vis-a-vis a third party without knowledge provided however that this shall not apply to the cases where such third party was negligent in not knowing such fact
H-A113-P0	any contract concluded by a person who holds himself herself out as an agent of others without authority of agency shall be void vis-a-vis the principal unless ratified by the principal
H-A113-P1	any ratification or refusal to ratify may not be asserted vis-a-vis the counterparty unless it is made to such counterparty provided however that this shall not apply to the cases where the counterparty has come to know such fact
H-A114-P0	in the case referred to in the preceding article the counterparty may require the principal by fixing a reasonable period of time to make a definite answer on whether or not he she will ratify within such period of time in such case if the principal fails to make any definite answer within such period he she is deemed to have refused to ratify
H-A115-P0	a contract concluded by a person without any authority of agency may be rescinded by the counterparty until the principal ratifies it provided however that this shall not apply to the cases where the counterparty knew at the time of the conclusion of the contract that the agent had no authority of agency
H-A116-P0	ratification shall be effective retroactively as of the time of the conclusion of the contract unless other intention is manifested provided however that no right of a third party may be prejudiced
H-A117-P0	a person who concluded a contract holding himself herself out as an agent of another person shall be liable to the counterparty for the performance of the contract or damages as chosen by such counterparty if he she is unable to prove his her authority of agency nor obtain the ratification of the principal
H-A117-P1	the provisions of the preceding paragraph shall not apply if the counterparty knew or was negligent in not knowing that the person who concluded a contract holding himself herself out as an agent of another person had no authority of agency or if the person who concluded a contract holding himself herself out as an agent of another person had no capacity to act
H-A118-P0	with respect to a unilateral juristic act the provisions of articles 113 to the preceding article inclusive shall apply mutatis mutandis only in cases the counterparty at the time of such act agrees that the person who holds himself herself as an agent will act without authority of agency or did not contest the authority of agency of such person the above provisions shall also apply mutatis mutandis in cases any person performs a unilateral juristic act vis-a-vis any person without authority of agency with the consent of such person
H-A119-P0	an act which is void does not become effective by ratification provided however that if a party ratifies any act knowing that such act is void it is deemed that he she acted de novo
H-A12-P0	a person who has become subject to the ruling of commencement of curatorship shall be the person under curatorship and a curator shall be appointed for him her
H-A120-P0	an act which may be rescinded on the grounds of the limited capacity to act of the person who performed such act may be rescinded only by the person whose capacity to act is limited or its agent successor or a person who has the authority to give consent
H-A120-P1	an act which may be rescinded on the grounds of fraud or duress may be rescinded only by the person who made such defective manifestation of intention or his her agent or successor
H-A121-P0	an act which is rescinded is deemed void ab initio provided however that a person with limited capacity to act shall have the obligation to reimburse to the extent that he she is actually enriched as a result of such act
H-A122-P0	a rescindable act may not be rescinded from the time when the person set forth in article 120 ratifies it provided however that ratification may not prejudice the rights of third parties
H-A123-P0	in cases the counterparty to a rescindable act is identified the rescission or ratification of such act shall be made by the manifestation of intention to such counterparty
H-A124-P0	the provisions of the preceding two paragraphs shall not apply in cases the ratification is made by the statutory agent or the curator or assistant of the person with limited capacity to act
H-A124-P1	a ratification shall not be effective unless it is made after the circumstance s that made the act rescindable ceases to exist
H-A124-P2	if an adult ward recognizes his her act after he she has become a person with capacity to act he she may ratify such act only after such recognition
H-A125-P0	if after the time when it has become possible to ratify an act pursuant to the provisions of the preceding article any of the following events occurs with respect to an act which is otherwise rescindable it is deemed that ratification has been made unless any objection is reserved i performance of such act in whole or in part ii demand for the performance of such act iii novation of such act iv provision of security v assignment in whole or in part of any right acquired as a result of such rescindable act or vi compulsory execution of such act
H-A126-P0	the right to rescind an act shall be extinguished by the operation of the prescription if it is not exercised within five years from the time when it becomes possible to ratify the act the same shall apply when twenty years has elapsed from the time of the act
H-A127-P0	a juristic act which is subject to a condition precedent shall become effective upon fulfillment of the condition
H-A127-P1	a juristic act which is subject to a condition subsequent shall become ineffective upon fulfillment of the condition
H-A127-P2	if the party manifests an intention to extend the effect of fulfillment of the condition retroactively to any time prior to the time of the fulfillment such intention shall prevail
H-A128-P0	neither party to a juristic act which is subject to any condition may infringe the interests of the counterparty which should arise from such juristic act upon fulfillment of the condition while it is uncertain whether or not such condition has been fulfilled
H-A129-P0	while it is uncertain whether or not a condition has been fulfilled the rights and obligations of the party concerned may be disposed of inherited or preserved or any security may be provided therefor in accordance with the usual provisions of the law
H-A13-P0	with respect to any act which requires the consent of the curator if the curator does not give consent in cases where the interest of the person under curatorship is unlikely to be prejudiced the family court may at the request of the person under curatorship give permission in lieu of the consent of the curator
H-A13-P1	a person under curatorship must obtain the consent of his her curator if he she intends to perform any of the following acts provided however that this shall not apply to the acts provided for in the proviso of article 9 i receive or use any principal ii borrow any money or guarantee any obligation iii perform any act with the purpose of obtaining or relinquishing any right regarding real estate or other valuable property iv take any procedural action v make a gift make any settlement or agree to arbitrate referring to the agreement to arbitrate as provided in paragraph 1 article 2 of the arbitration act act no 138 of 2003 vi accept or renounce any inheritance or partition any estate vii refuse an offer of a gift renounce any bequest accept the offer of gift with burden or accept any bequest with burden viii effect any new construction renovation expansion or major repairs or ix make any lease agreement with a term which exceeds the period set forth in article 602
H-A13-P2	at the request of the person provided in the main clause of article 11 or any curator or any supervisor of the curator the family court may make a ruling that the person under curatorship must obtain the consent of his her curator even in cases he she intends to perform any act other than those set forth in each item of the preceding paragraph provided however that this shall not apply to the acts provided for in the proviso to article 9
H-A13-P3	an act which requires the consent of the curator may be rescinded if it was performed without such consent or any permission in lieu thereof
H-A130-P0	in cases any party who will suffer any detriment as a result of the fulfillment of a condition intentionally prevents the fulfillment of such condition the counterparty may deem that such condition has been fulfilled
H-A131-P0	in cases it is already established conclusively at the time of the performance of the applicable juristic act that a certain condition will not be fulfilled if such condition is a condition precedent such juristic act shall be void and if such condition is a condition subsequent such juristic act shall be unconditional
H-A131-P1	in cases a certain condition is already fulfilled at the time of the performance of the applicable juristic act if such condition is a condition precedent such juristic act shall be unconditional and if such condition is a condition subsequent such juristic act shall be void
H-A131-P2	in the cases referred to in the provisions of the preceding two paragraphs the provisions of article 128 and article 129 shall apply mutatis mutandis while the relevant parties are not aware that the relevant condition has been or has not been fulfilled as the case may be
H-A132-P0	juristic act which is subject to an unlawful condition shall be void the same shall apply to any act which is subject to the condition that an unlawful act not be performed
H-A133-P0	juristic act subject to a condition precedent which is impossible shall be void
H-A133-P1	juristic act subject to a condition subsequent which is impossible shall be unconditional
H-A134-P0	a juristic act which is subject to a condition precedent shall be void if the condition is dependent upon the will of the obligor
H-A135-P0	if time of commencement of validity is assigned to a juristic act the performance of such juristic act may not be demanded before the arrival of such time
H-A135-P1	if time of expiration of validity is assigned to a juristic act the validity of such juristic act shall expire upon the arrival of such time
H-A136-P0	it is presumed that a time specified is provided for the benefit of the obligor
H-A136-P1	the benefit of time may be waived provided however that such waiver may not prejudice the interest of the counterparty
H-A137-P0	the obligor may not assert the benefit of time if i the obligor has become subject to the ruling of the commencement of bankruptcy procedures ii the obligor has destroyed damaged or diminished the security or iii the obligor fails to provide security when it has the obligation to do so
H-A138-P0	the method of calculation of a period shall be subject to the provision of this chapter unless otherwise provided in the laws and regulations or any judicial order or unless the relevant juristic act otherwise specifies
H-A139-P0	when a period is defined by the hour the period commences immediately at the specified time
H-A14-P0	when the cause provided in the main clause of article 11 ceases to exist the family court must rescind the order of the commencement of curatorship at the request of the person in question his her spouse any relative within the fourth degree of kinship the guardian of a minor the supervisor of the guardian of a minor the curator the supervisor of the curator or a public prosecutor
H-A14-P1	at the request of the person prescribed in the preceding paragraph the family court may rescind in whole or in part the ruling under paragraph 2 of the preceding article
H-A140-P0	when a period is defined by the day week month or year the first day of the period shall not be included for the purpose of the calculation provided however that this shall not apply to the cases where the period commences at twelve midnight
H-A141-P0	in the case referred to in the preceding article the period shall expire at the end of the last day of such period
H-A142-P0	if the last day of a period falls on a sunday a holiday as provided in the act on national holidays act no 178 of 1948 or any other holiday only when it is customary not to do business on such day the period shall expire on the immediately following day
H-A143-P0	when a period is defined by the week month or year the period shall be calculated with reference to the calendar week month or year
H-A143-P1	when a period does not commence at the beginning of the week month or year such period shall expire in the last week month or year on the day immediately preceding the day which corresponds to the commencement day provided however that if the period is defined by the month or year and the last month does not contain the corresponding day the period shall expire on the last day of such month
H-A144-P0	the prescription shall take effect retroactively as of the commencement day
H-A145-P0	the court may not make a judgment relying on the prescription unless the party invokes it
H-A146-P0	the benefits of the prescription may not be waived in advance
H-A147-P0	the prescription shall be nullified upon issuance of i any claim ii any attachment provisional seizure or provisional disposition or iii any acknowledgment
H-A148-P0	the nullification of prescription pursuant to the provision of the preceding article shall be effective solely among the parties with respect to whom the ground of such interruption arose and their respective successors
H-A149-P0	a judicial claim shall not have the effect of interruption of the prescription in cases where the action is dismissed or withdrawn
H-A15-P0	with respect to any person who has insufficient capacity to appreciate right or wrong due to any mental disability the family court may rule the commencement of assistance upon a request by the person in question his her spouse any relative within the fourth degree of kinship the guardian the supervisor of the guardian the curator the supervisor of the curator or a public prosecutor provided however that this shall not apply to any person who has the cause set forth in article 7 or the main clause of article 11
H-A15-P1	the ruling of commencement of assistance at the request of any person other than the person in question shall require the consent of the person in question
H-A15-P2	the ruling of commencement of assistance must be made concurrent with the ruling under paragraph 1 of article 17 or the ruling under paragraph 1 of article 876-9
H-A150-P0	a demand for payment shall not have the effect of interruption of the prescription in cases where it loses its effect because the obligee fails to file for the declaration of provisional execution within the period set forth in article 392 of the code of civil procedure
H-A151-P0	the filing for settlement or the filing for conciliation under the civil conciliation act act no 222 of 1951 or family affairs adjudication act act no 152 of 1947 shall not have the effect of interruption of the prescription in cases where when the counterparty fails to appear in the court or when the settlement or conciliation is not satisfactorily concluded the action is not brought within one month
H-A152-P0	participation in a bankruptcy procedures participation in a rehabilitation procedures or participation in a reorganization procedures shall not have the effect of interruption of the prescription when the obligee withdraws its filing or its filing has been dismissed
H-A153-P0	a demand shall not have the effect of interruption of the prescription unless a judicial claim filing for demand of payment filing for settlement filing for conciliation under the civil conciliation act or family affairs adjudication act participation in bankruptcy procedures participation in a rehabilitation procedures participation in a reorganization procedures attachment provisional seizure or provisional disposition is commenced within six months
H-A154-P0	an attachment provisional seizure and provisional disposition shall not have the effect of interruption of the prescription if it is avoided at the request of any rights holder or for failure to comply with any provisions of the law
H-A155-P0	when an attachment provisional seizure or provisional disposition is not effected vis-a-vis a person who acquires any benefit of the prescription it shall not have the effect of interruption of the prescription unless a notice is given to such person
H-A156-P0	an acknowledgment which has the effect of interruption of the prescription shall not require the capacity to act or authority with respect to the disposition of the rights of the counterparty
H-A157-P0	a prescription which is interrupted shall resume running at the time the applicable grounds for suspension cease to exist
H-A157-P1	any prescription which is interrupted by a judicial claim shall resume running at the time of the final and binding judgment
H-A158-P0	in cases where a minor or an adult ward has any right vis-a-vis his her father mother or guardian who manages his her property the prescription shall not be completed with respect to such right until six months elapse from the time when such minor or adult ward becomes a person with a capacity to act or a succeeding statutory agent is appointed
H-A158-P1	if a minor or an adult ward as the case may be has no statutory agent during the period of six months preceding the expiration of period of the prescription the prescription shall not be completed with respect to such minor or adult ward until six months elapse from the time when such minor or adult ward becomes a person with a capacity to act or a statutory agent is appointed
H-A159-P0	with respect to any right which either husband or wife has vis-a-vis the other spouse the prescription shall not be completed until six months elapse from the time of the dissolution of the relevant marriage
H-A16-P0	a person who has become subject to the ruling of commencement of assistance shall be a person under assistance and an assistant shall be appointed for him her
H-A160-P0	with respect to any inherited property the prescription shall not be completed until six months elapse from the time when the applicable heir is identified the administrator is appointed or the ruling of the commencement of bankruptcy procedures is made
H-A161-P0	if the prescription may not be interrupted upon expiration of period of the prescription due to any natural disaster or other unavoidable contingency the prescription shall not be completed until two weeks elapse from the time when such impediment has ceased to exist
H-A162-P0	a person who possesses any property of another for 20 years peacefully and openly with an intention to own shall acquire the ownership thereof
H-A162-P1	a person who possesses any property of another for 10 years peacefully and openly with an intention to own shall acquire the ownership thereof if he she was without knowledge and was not negligent when the possession started
H-A163-P0	a person who exercises any property right other than the ownership peacefully and openly with an intention to do so on his her own behalf shall acquire such right after the elapse of 20 years or 10 years consistent with the distinction provided in the preceding article
H-A164-P0	the prescription pursuant to the provision of article 162 shall be interrupted when the possessor discontinues the possession voluntarily or he she is deprived of his her possession by others
H-A165-P0	the provision of the preceding article shall apply mutatis mutandis to the case under article 163
H-A166-P0	the provision of the preceding paragraph shall not preclude the commencement of acquisitive prescription for the benefit of a third party who possesses any subject matter which is a right subject to the time of commencement or a right subject to a condition precedent at the time of commencing such possession provided however that the holder of the right may demand the possessor to give his her acknowledgment at any time to interrupt the prescription
H-A166-P1	the extinctive prescription commences to run when it has become possible to exercise the right
H-A167-P0	any property right other than the claim or ownership shall be extinguished if not exercised for twenty years
H-A167-P1	a claim shall be extinguished if not exercised for ten years
H-A168-P0	a claim for periodic payments shall be extinguished if not exercised for twenty years after the first due date the same shall apply if not exercised for ten years after the last due date
H-A168-P1	the obligee of periodic payments may require its obligor at any time to issue a written acknowledgment in order to acquire the evidence of the interruption of the prescription
H-A169-P0	any claim for the delivery of money or other thing for periodic performance of one year or shorter shall be extinguished if not exercised for five years
H-A17-P0	at the request of the person provided in the main clause of paragraph 1 of article 15 or any assistant or supervisor of the assistant the family court may make the ruling that the person under assistance must obtain the consent of his her assistant if he she intends to perform any particular juristic act provided however that the act for which such consent must be obtained pursuant to such ruling shall be limited to the acts provided in paragraph 1 of article 13
H-A17-P1	the ruling set forth in the preceding paragraph at the request of any person other than the person in question shall require the consent of the person in question
H-A17-P2	an act which requires the consent of the assistant may be rescinded if it was performed without such consent or any permission in lieu thereof
H-A17-P3	with respect to any act which requires the consent of the assistant if the assistant does not give consent in cases where the interest of the person under assistance is unlikely to be prejudiced the family court may at the request of the person under assistance give permission which is in lieu of the consent of the assistant
H-A170-P0	the claims listed below shall be extinguished if not exercised for three years provided however that the prescription of the claims listed in item ii shall commence upon completion of the work referred to in the same item i any claim regarding a diagnosis assistance in baby delivery or the preparation of medicine by a doctor delivery assistant or pharmacist or ii any claim regarding the construction work of a person engaged in design execution or supervision of the work
H-A171-P0	an attorney or a legal professional corporation or a notary shall be relieved of their responsibility for any document received in connection with its his her service upon the elapse of three years after the termination of the relevant case with respect to an attorney or a legal professional corporation and after the execution of his her duties with respect to a notary
H-A172-P0	any claim regarding the duties of an attorney a legal professional corporation or a notary shall be extinguished if not exercised for two years after the close of the case which was the cause of such claim
H-A172-P1	notwithstanding the provisions of the preceding paragraph if five years have elapsed after the close of any particular matter included in the case referred to in such paragraph the claim regarding such matter shall be extinguished even in the middle of the period set forth in such paragraph
H-A173-P0	the following claims shall be extinguished if not exercised for two years i a claim pertaining to the price of any product or goods sold by a manufacturer wholesale merchant or retail merchant ii a claim regarding the work of any person whose business is to manufacture any thing or to perform the work in his her own workplace for the benefit of others upon placement of an order using his her own skill and iii a claim possessed by any person who provides education in the arts and sciences or technical skills with respect to the price of the education food and clothing and accommodation for students
H-A174-P0	the following claims shall be extinguished if not exercised for one year i a claim pertaining to the salary of an employee which is fixed by one month or any shorter period ii a claim pertaining to the remuneration of any person whose business is to provide his her own labor or entertainment or the price of any thing supplied by such person iii a claim pertaining to freight for transportation iv a claim pertaining to room charges food and beverage charges admission fees entrance fees the price of goods consumed or monies to be reimbursed to any hotel establishment providing food and beverages seating hire facility or place of amusement and v a claim pertaining to the rent for movables
H-A174-2-P0	the period of prescription of any right established in a unappealable judgment shall be ten years even if any period of prescription shorter than ten years is provided the same shall apply to any right which is established in a settlement in a court proceeding or conciliation or any other action which has the effect equivalent to that of the unappealable judgment
H-A174-2-P1	the provision of the preceding paragraph shall not apply to any claim which is not yet due and payable yet at the time when the judgment becomes unappealable
H-A18-P0	at the request of the person prescribed in the preceding paragraph the family court may rescind in whole or in part the ruling under paragraph 1 of the preceding article
H-A18-P1	when the cause provided in the main clause of paragraph 1 of article 15 ceases to exist the family court must rescind the ruling of commencement of assistance at the request of the person in question his her spouse any relative within the fourth degree of kinship the guardian of a minor the supervisor of the guardian of a minor the assistant the supervisor of the assistant or a public prosecutor
H-A18-P2	in cases the ruling under paragraph 1 of the preceding article and the order under paragraph 1 of article 876-9 are to be rescinded in their entirety the family court must rescind the ruling of commencement of assistance
H-A19-P0	in cases any ruling for commencement of guardianship is to be made and the person in question is a person under curatorship or the person under assistance the family court must rescind the ruling of commencement of curatorship or commencement of assistance pertaining to such person in question
H-A19-P1	the provisions of the preceding paragraph shall apply mutatis mutandis in cases where the person in question upon ruling of commencement of curatorship is an adult ward or a person under assistance or in cases where the person in question is at the time of the ruling for commencement of assistance an adult ward or a person under curatorship
H-A2-P0	this code must be construed in accordance with honoring the dignity of individuals and the essential equality of both sexes
H-A20-P0	the person who is the counterparty to a person with limited capacity may issue a notice to any person under curatorship or to any person under assistance who has been made subject to the ruling under paragraph 1 of article 17 which demands that he she should obtain the ratification of his her curator or assistant as the case may be within the period set forth in paragraph 1 above in such case if the person under curatorship or person under assistance fails to issue within the applicable period a notice to the effect that such ratification has been obtained it is deemed that such act has been rescinded
H-A20-P1	with respect to any act which requires any special formalities if no notice to the effect that the perfection of such formalities has been completed is issued within the period set forth in the preceding two paragraphs it is deemed that such act has been rescinded
H-A20-P2	the person who is the counterparty to a person with limited capacity hereinafter referring to any minor an adult ward a person under curatorship and a person under assistance who has become subject to the ruling under paragraph 1 of article 17 may after such person with limited capacity has become a person with capacity hereinafter referring to a person free of any limitation on capacity to act issue to such person a notice which demands by establishing a certain period which is one month or more that he she should give a definite answer on whether or not such person will ratify such act which may be rescinded within such period in such case if such person fails to send any definite answer within such period he she is deemed to have ratified such act
H-A20-P3	the second sentence of the preceding paragraph shall likewise apply in cases where while such person with limited capacity has not yet become a person with capacity the person who is the counterparty to the person with limited capacity issues to the statutory agent curator or assistant of such person a notice prescribed in the preceding paragraph with respect to any act which is under the authority of any such officer and the statutory agent curator or assistant fails to issue any definite answer within the period referred to in such paragraph
H-A21-P0	if a person with limited capacity manipulates any fraudulent means to induce others to believe that he she is a person with capacity his her act may not be rescinded
H-A22-P0	the principal place wherein a person lives shall be his her domicile
H-A23-P0	if the domicile of a person is unknown his her residence is deemed to be his her domicile
H-A23-P1	if a person does not have the domicile in japan his her residence is deemed to be his her domicile whether he she is a japanese or a foreign national provided however that this shall not apply where the law of domicile controls in accordance with the applicable provision of laws which provide the governing law
H-A24-P0	if any temporary domicile is selected for any act such temporary domicile is deemed to be the domicile as far as such act is concerned
H-A25-P0	in cases any person who has left his her domicile or residence hereinafter referred to as "absentee" did not appoint an administrator of his her property hereinafter in this section referred to simply as "administrator" the family court may at the request of any interested person or a public prosecutor issue an order for necessary actions for the administration of such property the same shall apply in cases the authority of the administrator ceases to exist during the absence of the absentee
H-A25-P1	if after the issuance of the order pursuant to the provision of the preceding paragraph the absentee appoints an administrator the family court must rescind the order at the request of his her administrator any interested person or a public prosecutor
H-A26-P0	in cases an absentee appoints an administrator and if it is not clear whether such absentee is dead or alive the family court may replace such administrator with another at the request of any interested person or a public prosecutor
H-A27-P0	in addition to provisions of the preceding two paragraphs the family court may issue an order to the administrator to effect any action which the court may find to be necessary for the preservation of the property of the absentee
H-A27-P1	in cases it is not clear whether an absentee is dead or alive if so requested by any interested person or a public prosecutor the family court may also order the administrator appointed by the absentee to prepare the list set forth in the preceding paragraph
H-A27-P2	an administrator who is appointed by the family court pursuant to the provision of the preceding two articles must prepare a list of the property he she is to administer in such case the expenses incurred shall be disbursed from the property of the absentee
H-A28-P0	if an administrator needs to perform any act beyond the authority set forth in article 103 he she may perform such act by obtaining the permission of the family court the same shall likewise apply if the administrator needs to perform any act beyond the authority stipulated by the absentee in cases it is not clear whether the absentee is dead or alive
H-A29-P0	the family court may require an administrator to provide reasonable security with respect to the administration and return of the property
H-A29-P1	the family court may grant reasonable remuneration to the administrator from the property of the absentee with due regard to the relationship between the administrator and absentee and other circumstances
H-A3-P0	the enjoyment of private rights shall commence at birth
H-A3-P1	unless otherwise provided by applicable laws regulations or treaties foreign nationals shall enjoy private rights
H-A30-P0	if it is not clear whether the absentee is dead or alive for 7 years the family court may make the adjudication of disappearance at the request of any interested person
H-A30-P1	the procedure of the preceding paragraph shall likewise apply with respect to any person who was engaged in any war zone was aboard any vessel which later sank or was otherwise exposed to any danger which could be the cause of death if it is not clear whether such person is dead or alive for one year after the end of the war after the sinking of the vessel or after the termination of such other danger as the case may be
H-A31-P0	any person who has become the subject of the adjudication of disappearance pursuant to the provision of paragraph 1 of the preceding article is deemed to have died upon elapse of the period set forth in such paragraph and a person who is the subject of the adjudication of disappearance pursuant to the provision of paragraph 2 of the same article is deemed to have died upon the termination of such danger
H-A32-P0	any person who acquired any property by the adjudication of disappearance shall lose its his her right upon rescission thereof provided however that such person shall have the obligation to return such property only to the extent he she is actually enriched
H-A32-P1	if there is any proof that an absentee is alive or that he she died at a time differing from that provided in the preceding article the family court must at the request of the absentee himself herself or any interested person rescind the adjudication of disappearance in such case the rescission shall not affect the validity of any act which was performed without knowledge after the adjudication of disappearance but before the rescission thereof
H-A32-2-P0	in cases more than one person dies if it is not clear whether one of the deceased survived the other s it is presumed that they all died at the same time
H-A33-P0	no juridical person can be formed unless it is formed pursuant to the applicable provisions of this code or other laws
H-A34-P0	any association or foundation relating to any academic activities art charity worship religion or other public interest which is not for profit may be established as a juridical person with the permission of the competent government agency
H-A35-P0	any person who is neither an incorporated association nor an incorporated foundation shall not use in its name the words "incorporated association" or "incorporated foundation" or other words which is likely to be mistaken for those words
H-A36-P0	a foreign juridical person which is approved pursuant to the provision of the preceding paragraph shall possess the same private rights as may be possessed by the juridical person of the same kind which can be formed in japan provided however that this shall not apply to any right which may not be enjoyed by a foreign national or a right for which special provision is made in a law or treaty
H-A36-P1	with the exception of any state any administrative division of any state and any commercial corporation no establishment of a foreign juridical person shall be approved provided however that this shall not apply to any foreign juridical person which is approved pursuant to the provisions of a law or treaty
H-A37-P0	any person who intends to form an incorporated association must prepare the articles of incorporation and specify the following matters i purpose s ii name iii location of the office iv provisions regarding the asset v provisions regarding the appointment and dismissal of directors and vi provisions regarding the acquisition and loss of membership status
H-A4-P0	the age of majority is reached when a person has reached the age of 20
H-A5-P0	a juristic act in contravention of the provision of the preceding paragraph may be rescinded
H-A5-P1	notwithstanding the provision of paragraph 1 in cases the statutory agent permits the disposition of property by specifying the purpose thereof a minor may freely dispose of the same to the extent of such purpose the same shall apply in cases his her statutory agent permits the disposition of the property without specifying any purpose
H-A5-P2	a minor must obtain the consent of his her statutory agent to perform any juristic act provided however that this shall not apply to an act merely intended to acquire a right or to be relieved of a duty
H-A6-P0	a minor who is permitted to carry on one or more kinds of business shall have the same capacity to act as a person of the age of majority as far as such business is concerned
H-A6-P1	in the case set forth in the preceding paragraph if the minor may be unable to perform the relevant business for any reason his her statutory agent may revoke or limit permission in accordance with the provisions of part iv relatives
H-A7-P0	with respect to any person who constantly lacks the capacity to discern right and wrong due to mental disability the family court may order the commencement of guardianship at the request of the person in question his her spouse any relative within the fourth degree of kinship the guardian of a minor the supervisor of the guardian of a minor the curator the supervisor of the curator the assistant the supervisor of the assistant or a public prosecutor
H-A8-P0	a person who has become subject to the ruling of commencement of guardianship shall be an adult ward and a guardian of an adult shall be appointed for him her
H-A85-P0	the term "things" as used in this code shall mean tangible thing
H-A86-P0	land and any fixtures thereto are regarded as real estate
H-A86-P1	a bearer certificate of claims is deemed to be movable
H-A86-P2	any thing which is not real estate is regarded as movable
H-A87-P0	appurtenance shall be subject to the disposition of the principal
H-A87-P1	if the owner of a thing attaches to it any other thing he she owns to make other thing available for the permanent use of the former thing such other thing which was attached is regarded as appurtenance
H-A88-P0	money or other thing to be obtained in exchange for the use of any thing are regarded as legal fruits
H-A88-P1	products which are obtained from the intended use of a thing are regarded as natural fruits
H-A89-P0	legal fruits shall be acquired in proportion to the number of days depending on the duration of the right to obtain them
H-A89-P1	natural fruits shall vest in the person who has the right to obtain them when they are severed from the origin
H-A9-P0	a juristic act performed by an adult ward may be rescinded provided however that this shall not apply to any act relating to daily life such as the purchase of daily household items
H-A90-P0	a juristic act with any purpose which is against public policy is void
H-A91-P0	if any party to a juristic act manifests any intention which is inconsistent with a provision in any laws and regulations not related to public policy such intention shall prevail
H-A92-P0	in cases there is any custom which is inconsistent with a provision in any law or regulation not related to public policy if it is found that any party to a juristic act has the intention to abide by such custom such custom shall prevail
H-A93-P0	the validity of the manifestation of intention shall not be impaired even if the person who makes the manifestation knows that it does not reflect his her true intention provided however that in cases the other party knew or could have known the true intention of the person who makes the manifestation such manifestation of intention shall be void
H-A94-P0	the nullity of the manifestation of intention pursuant to the provision of the preceding paragraph may not be asserted against a third party without knowledge
H-A94-P1	any fictitious manifestation of intention made in collusion with another party ies shall be void
H-A95-P0	manifestation of intention has no effect when there is a mistake in any element of the juristic act in question provided however that the person who made the manifestation of intention may not assert such nullity by himself herself if he she was grossly negligent
H-A96-P0	manifestation of intention which is induced by any fraud or duress may be rescinded
H-A96-P1	in cases any third party commits any fraud inducing any person to make a manifestation of intention to the other party such manifestation of intention may be rescinded only if the other party knew such fact
H-A96-P2	the rescission of the manifestation of intention induced by the fraud pursuant to the provision of the preceding two paragraphs may not be asserted against a third party without knowledge
H-A97-P0	manifestation of intention to a person at a distance shall become effective at the time of the arrival of the notice to the other party
H-A97-P1	the validity of manifestation of intention to a person at a distance shall not be impaired even if the person who made the manifestation dies or loses his her capacity to act after the dispatch of the notice
H-A98-P0	manifestation of intention by means of public notice is deemed to have arrived at the other party upon elapse of two weeks after the day when the notice was last published in the official gazette or the day on which any posting in lieu of such publication started whichever comes first provided however that the service of such notice shall not take effect if the person who makes the manifestation is negligent in not identifying the other party or not identifying the whereabouts of the other party
H-A98-P1	manifestation of intention may be made by means of public notice if the person who makes the manifestation is unable to identify the other party or is unable to identify the whereabouts of the other party
H-A98-P2	the public notice set forth in the preceding paragraph shall be effected by posting the notice at the posting area of the relevant court and publishing the fact of such posting in the official gazette at least once in accordance with the applicable provisions of the code of civil procedure act no 109 of 1996 regarding the service of the public notice provided however that the court may if it finds it suitable order to post the notice at a posting area of the city office ward office or town village office or any facility equivalent to the above in lieu of the publication in the official gazette
H-A98-P3	the procedure regarding the public notice shall be subject to the jurisdiction of the summary court which has jurisdiction over the area where the person who makes the manifestation of intention has his her domicile in cases he she is unable to identify the other party or over the area of the last known domicile of the other party in cases the whereabouts of the other party cannot be identified
H-A98-P4	the court must require the person who makes the manifestation of intention to prepay the expenses regarding the public notice
H-A98-2-P0	in cases the other party to the manifestation of intention is a minor or an adult ward at the time when the other party receives such manifestation of intention the person who made the manifestation of intention may not assert his her manifestation of intention against such other party provided however that this shall not apply after the statutory agent of such other party has acquired the knowledge of such manifestation of intention
H-A99-P0	the provision of the preceding paragraph shall apply mutatis mutandis to any manifestation of intention made by a third party to an agent
H-A99-P1	a manifestation of intention made by an agent representing that the same is made on behalf of the principal within the scope of the agent's authority binds the principal
