0	ARTICLE_983
1	ARTICLE_668
2	ARTICLE_613
3	ARTICLE_664
4	ARTICLE_665
5	ARTICLE_666
6	ARTICLE_612
7	ARTICLE_660
8	ARTICLE_661
9	ARTICLE_662
10	ARTICLE_663
11	ARTICLE_545
12	ARTICLE_544
13	ARTICLE_547
14	ARTICLE_546
15	ARTICLE_541
16	ARTICLE_540
17	ARTICLE_543
18	ARTICLE_542
19	ARTICLE_924
20	ARTICLE_549
21	ARTICLE_548
22	ARTICLE_378
23	ARTICLE_669
24	ARTICLE_10
25	ARTICLE_11
26	ARTICLE_12
27	ARTICLE_13
28	ARTICLE_14
29	ARTICLE_15
30	ARTICLE_16
31	ARTICLE_17
32	ARTICLE_18
33	ARTICLE_19
34	ARTICLE_618
35	ARTICLE_141
36	ARTICLE_140
37	ARTICLE_143
38	ARTICLE_142
39	ARTICLE_145
40	ARTICLE_144
41	ARTICLE_147
42	ARTICLE_146
43	ARTICLE_149
44	ARTICLE_148
45	ARTICLE_329
46	ARTICLE_328
47	ARTICLE_482
48	ARTICLE_483
49	ARTICLE_484
50	ARTICLE_485
51	ARTICLE_486
52	ARTICLE_487
53	ARTICLE_321
54	ARTICLE_320
55	ARTICLE_323
56	ARTICLE_322
57	ARTICLE_325
58	ARTICLE_324
59	ARTICLE_327
60	ARTICLE_326
61	ARTICLE_242
62	ARTICLE_243
63	ARTICLE_240
64	ARTICLE_241
65	ARTICLE_246
66	ARTICLE_247
67	ARTICLE_244
68	ARTICLE_245
69	ARTICLE_718
70	ARTICLE_719
71	ARTICLE_248
72	ARTICLE_249
73	ARTICLE_1016
74	ARTICLE_1031
75	ARTICLE_636
76	ARTICLE_823
77	ARTICLE_885
78	ARTICLE_817-6
79	ARTICLE_834-2
80	ARTICLE_398
81	ARTICLE_399
82	ARTICLE_89
83	ARTICLE_88
84	ARTICLE_87
85	ARTICLE_86
86	ARTICLE_85
87	ARTICLE_84
88	ARTICLE_83
89	ARTICLE_82
90	ARTICLE_81
91	ARTICLE_80
92	ARTICLE_919
93	ARTICLE_886
94	ARTICLE_856
95	ARTICLE_625
96	ARTICLE_941
97	ARTICLE_993
98	ARTICLE_439
99	ARTICLE_438
100	ARTICLE_940
101	ARTICLE_435
102	ARTICLE_434
103	ARTICLE_437
104	ARTICLE_436
105	ARTICLE_431
106	ARTICLE_430
107	ARTICLE_433
108	ARTICLE_432
109	ARTICLE_804
110	ARTICLE_805
111	ARTICLE_806
112	ARTICLE_807
113	ARTICLE_800
114	ARTICLE_801
115	ARTICLE_802
116	ARTICLE_803
117	ARTICLE_945
118	ARTICLE_808
119	ARTICLE_118
120	ARTICLE_944
121	ARTICLE_119
122	ARTICLE_947
123	ARTICLE_989
124	ARTICLE_1041
125	ARTICLE_946
126	ARTICLE_398-18
127	ARTICLE_862
128	ARTICLE_530
129	ARTICLE_860
130	ARTICLE_531
131	ARTICLE_299
132	ARTICLE_861
133	ARTICLE_988
134	ARTICLE_113
135	ARTICLE_938
136	ARTICLE_839
137	ARTICLE_398-16
138	ARTICLE_423
139	ARTICLE_930
140	ARTICLE_931
141	ARTICLE_932
142	ARTICLE_933
143	ARTICLE_934
144	ARTICLE_420
145	ARTICLE_936
146	ARTICLE_937
147	ARTICLE_421
148	ARTICLE_782
149	ARTICLE_639
150	ARTICLE_817-11
151	ARTICLE_820
152	ARTICLE_868
153	ARTICLE_882
154	ARTICLE_501
155	ARTICLE_500
156	ARTICLE_503
157	ARTICLE_502
158	ARTICLE_398-9
159	ARTICLE_398-8
160	ARTICLE_505
161	ARTICLE_506
162	ARTICLE_398-5
163	ARTICLE_398-4
164	ARTICLE_398-7
165	ARTICLE_398-6
166	ARTICLE_398-3
167	ARTICLE_398-2
168	ARTICLE_831
169	ARTICLE_269-2
170	ARTICLE_816
171	ARTICLE_784
172	ARTICLE_883
173	ARTICLE_428
174	ARTICLE_429
175	ARTICLE_504
176	ARTICLE_626
177	ARTICLE_990
178	ARTICLE_835
179	ARTICLE_834
180	ARTICLE_837
181	ARTICLE_821
182	ARTICLE_836
183	ARTICLE_1020
184	ARTICLE_758
185	ARTICLE_759
186	ARTICLE_209
187	ARTICLE_206
188	ARTICLE_207
189	ARTICLE_204
190	ARTICLE_205
191	ARTICLE_202
192	ARTICLE_203
193	ARTICLE_200
194	ARTICLE_201
195	ARTICLE_615
196	ARTICLE_614
197	ARTICLE_617
198	ARTICLE_616
199	ARTICLE_611
200	ARTICLE_610
201	ARTICLE_598
202	ARTICLE_599
203	ARTICLE_596
204	ARTICLE_597
205	ARTICLE_594
206	ARTICLE_595
207	ARTICLE_592
208	ARTICLE_593
209	ARTICLE_590
210	ARTICLE_591
211	ARTICLE_49
212	ARTICLE_48
213	ARTICLE_969
214	ARTICLE_43
215	ARTICLE_42
216	ARTICLE_41
217	ARTICLE_40
218	ARTICLE_47
219	ARTICLE_46
220	ARTICLE_45
221	ARTICLE_44
222	ARTICLE_291
223	ARTICLE_290
224	ARTICLE_293
225	ARTICLE_292
226	ARTICLE_295
227	ARTICLE_294
228	ARTICLE_297
229	ARTICLE_296
230	ARTICLE_112
231	ARTICLE_298
232	ARTICLE_110
233	ARTICLE_111
234	ARTICLE_116
235	ARTICLE_117
236	ARTICLE_114
237	ARTICLE_115
238	ARTICLE_479
239	ARTICLE_478
240	ARTICLE_1032
241	ARTICLE_968
242	ARTICLE_481
243	ARTICLE_471
244	ARTICLE_470
245	ARTICLE_473
246	ARTICLE_472
247	ARTICLE_475
248	ARTICLE_474
249	ARTICLE_477
250	ARTICLE_476
251	ARTICLE_372
252	ARTICLE_373
253	ARTICLE_279
254	ARTICLE_278
255	ARTICLE_376
256	ARTICLE_377
257	ARTICLE_374
258	ARTICLE_375
259	ARTICLE_273
260	ARTICLE_272
261	ARTICLE_271
262	ARTICLE_270
263	ARTICLE_277
264	ARTICLE_276
265	ARTICLE_275
266	ARTICLE_274
267	ARTICLE_682
268	ARTICLE_683
269	ARTICLE_680
270	ARTICLE_379
271	ARTICLE_686
272	ARTICLE_687
273	ARTICLE_684
274	ARTICLE_685
275	ARTICLE_1037
276	ARTICLE_688
277	ARTICLE_689
278	ARTICLE_1036
279	ARTICLE_488
280	ARTICLE_1035
281	ARTICLE_489
282	ARTICLE_1034
283	ARTICLE_627
284	ARTICLE_895
285	ARTICLE_894
286	ARTICLE_852
287	ARTICLE_893
288	ARTICLE_810
289	ARTICLE_892
290	ARTICLE_681
291	ARTICLE_891
292	ARTICLE_890
293	ARTICLE_974
294	ARTICLE_710
295	ARTICLE_976
296	ARTICLE_977
297	ARTICLE_879
298	ARTICLE_878
299	ARTICLE_972
300	ARTICLE_711
301	ARTICLE_875
302	ARTICLE_874
303	ARTICLE_877
304	ARTICLE_876
305	ARTICLE_871
306	ARTICLE_712
307	ARTICLE_873
308	ARTICLE_872
309	ARTICLE_713
310	ARTICLE_727
311	ARTICLE_714
312	ARTICLE_715
313	ARTICLE_716
314	ARTICLE_509
315	ARTICLE_884
316	ARTICLE_959
317	ARTICLE_904-2
318	ARTICLE_982
319	ARTICLE_747
320	ARTICLE_943
321	ARTICLE_746
322	ARTICLE_745
323	ARTICLE_123
324	ARTICLE_122
325	ARTICLE_121
326	ARTICLE_120
327	ARTICLE_127
328	ARTICLE_126
329	ARTICLE_125
330	ARTICLE_124
331	ARTICLE_552
332	ARTICLE_553
333	ARTICLE_129
334	ARTICLE_128
335	ARTICLE_556
336	ARTICLE_557
337	ARTICLE_554
338	ARTICLE_555
339	ARTICLE_942
340	ARTICLE_741
341	ARTICLE_1011
342	ARTICLE_838
343	ARTICLE_740
344	ARTICLE_589
345	ARTICLE_588
346	ARTICLE_910
347	ARTICLE_156
348	ARTICLE_157
349	ARTICLE_154
350	ARTICLE_155
351	ARTICLE_152
352	ARTICLE_153
353	ARTICLE_150
354	ARTICLE_151
355	ARTICLE_624
356	ARTICLE_899
357	ARTICLE_158
358	ARTICLE_159
359	ARTICLE_84-2
360	ARTICLE_84-3
361	ARTICLE_338
362	ARTICLE_339
363	ARTICLE_336
364	ARTICLE_337
365	ARTICLE_334
366	ARTICLE_335
367	ARTICLE_332
368	ARTICLE_333
369	ARTICLE_330
370	ARTICLE_331
371	ARTICLE_237
372	ARTICLE_236
373	ARTICLE_235
374	ARTICLE_234
375	ARTICLE_233
376	ARTICLE_232
377	ARTICLE_231
378	ARTICLE_230
379	ARTICLE_898
380	ARTICLE_729
381	ARTICLE_583
382	ARTICLE_239
383	ARTICLE_238
384	ARTICLE_508
385	ARTICLE_582
386	ARTICLE_770
387	ARTICLE_771
388	ARTICLE_1030
389	ARTICLE_72
390	ARTICLE_73
391	ARTICLE_70
392	ARTICLE_71
393	ARTICLE_76
394	ARTICLE_77
395	ARTICLE_74
396	ARTICLE_75
397	ARTICLE_897
398	ARTICLE_969-2
399	ARTICLE_78
400	ARTICLE_79
401	ARTICLE_1015
402	ARTICLE_422
403	ARTICLE_394
404	ARTICLE_349
405	ARTICLE_348
406	ARTICLE_426
407	ARTICLE_427
408	ARTICLE_424
409	ARTICLE_395
410	ARTICLE_343
411	ARTICLE_342
412	ARTICLE_341
413	ARTICLE_340
414	ARTICLE_347
415	ARTICLE_346
416	ARTICLE_345
417	ARTICLE_344
418	ARTICLE_1042
419	ARTICLE_1043
420	ARTICLE_1040
421	ARTICLE_397
422	ARTICLE_1044
423	ARTICLE_390
424	ARTICLE_1023
425	ARTICLE_1014
426	ARTICLE_876-8
427	ARTICLE_391
428	ARTICLE_876-9
429	ARTICLE_392
430	ARTICLE_393
431	ARTICLE_646
432	ARTICLE_906
433	ARTICLE_647
434	ARTICLE_1024
435	ARTICLE_1017
436	ARTICLE_858
437	ARTICLE_644
438	ARTICLE_667
439	ARTICLE_876-2
440	ARTICLE_645
441	ARTICLE_396
442	ARTICLE_876-3
443	ARTICLE_642
444	ARTICLE_643
445	ARTICLE_174-2
446	ARTICLE_909
447	ARTICLE_529
448	ARTICLE_1025
449	ARTICLE_905
450	ARTICLE_904
451	ARTICLE_907
452	ARTICLE_528
453	ARTICLE_901
454	ARTICLE_900
455	ARTICLE_903
456	ARTICLE_902
457	ARTICLE_527
458	ARTICLE_526
459	ARTICLE_876-10
460	ARTICLE_516
461	ARTICLE_517
462	ARTICLE_514
463	ARTICLE_515
464	ARTICLE_512
465	ARTICLE_513
466	ARTICLE_510
467	ARTICLE_511
468	ARTICLE_830
469	ARTICLE_518
470	ARTICLE_519
471	ARTICLE_648
472	ARTICLE_970
473	ARTICLE_999
474	ARTICLE_649
475	ARTICLE_918
476	ARTICLE_971
477	ARTICLE_1027
478	ARTICLE_833
479	ARTICLE_973
480	ARTICLE_538
481	ARTICLE_761
482	ARTICLE_760
483	ARTICLE_608
484	ARTICLE_609
485	ARTICLE_765
486	ARTICLE_764
487	ARTICLE_767
488	ARTICLE_766
489	ARTICLE_602
490	ARTICLE_603
491	ARTICLE_600
492	ARTICLE_601
493	ARTICLE_606
494	ARTICLE_607
495	ARTICLE_604
496	ARTICLE_605
497	ARTICLE_563
498	ARTICLE_562
499	ARTICLE_539
500	ARTICLE_560
501	ARTICLE_567
502	ARTICLE_566
503	ARTICLE_565
504	ARTICLE_564
505	ARTICLE_569
506	ARTICLE_568
507	ARTICLE_38
508	ARTICLE_39
509	ARTICLE_36
510	ARTICLE_37
511	ARTICLE_34
512	ARTICLE_35
513	ARTICLE_32
514	ARTICLE_33
515	ARTICLE_30
516	ARTICLE_31
517	ARTICLE_286
518	ARTICLE_287
519	ARTICLE_284
520	ARTICLE_285
521	ARTICLE_282
522	ARTICLE_283
523	ARTICLE_280
524	ARTICLE_281
525	ARTICLE_167
526	ARTICLE_166
527	ARTICLE_165
528	ARTICLE_164
529	ARTICLE_163
530	ARTICLE_162
531	ARTICLE_161
532	ARTICLE_289
533	ARTICLE_468
534	ARTICLE_469
535	ARTICLE_466
536	ARTICLE_467
537	ARTICLE_464
538	ARTICLE_465
539	ARTICLE_462
540	ARTICLE_463
541	ARTICLE_460
542	ARTICLE_461
543	ARTICLE_307
544	ARTICLE_306
545	ARTICLE_305
546	ARTICLE_304
547	ARTICLE_303
548	ARTICLE_302
549	ARTICLE_301
550	ARTICLE_300
551	ARTICLE_260
552	ARTICLE_261
553	ARTICLE_262
554	ARTICLE_263
555	ARTICLE_264
556	ARTICLE_265
557	ARTICLE_309
558	ARTICLE_308
559	ARTICLE_1028
560	ARTICLE_1029
561	ARTICLE_961
562	ARTICLE_440
563	ARTICLE_806-3
564	ARTICLE_806-2
565	ARTICLE_775
566	ARTICLE_809
567	ARTICLE_949
568	ARTICLE_948
569	ARTICLE_419
570	ARTICLE_418
571	ARTICLE_995
572	ARTICLE_1021
573	ARTICLE_413
574	ARTICLE_412
575	ARTICLE_411
576	ARTICLE_410
577	ARTICLE_417
578	ARTICLE_416
579	ARTICLE_415
580	ARTICLE_414
581	ARTICLE_847
582	ARTICLE_863
583	ARTICLE_789
584	ARTICLE_788
585	ARTICLE_866
586	ARTICLE_867
587	ARTICLE_864
588	ARTICLE_865
589	ARTICLE_783
590	ARTICLE_448
591	ARTICLE_781
592	ARTICLE_780
593	ARTICLE_787
594	ARTICLE_786
595	ARTICLE_785
596	ARTICLE_449
597	ARTICLE_1026
598	ARTICLE_857-2
599	ARTICLE_1008
600	ARTICLE_189
601	ARTICLE_744
602	ARTICLE_1039
603	ARTICLE_619
604	ARTICLE_703
605	ARTICLE_951
606	ARTICLE_743
607	ARTICLE_702
608	ARTICLE_996
609	ARTICLE_701
610	ARTICLE_700
611	ARTICLE_310
612	ARTICLE_311
613	ARTICLE_130
614	ARTICLE_131
615	ARTICLE_132
616	ARTICLE_133
617	ARTICLE_134
618	ARTICLE_135
619	ARTICLE_136
620	ARTICLE_137
621	ARTICLE_138
622	ARTICLE_139
623	ARTICLE_525
624	ARTICLE_524
625	ARTICLE_523
626	ARTICLE_522
627	ARTICLE_521
628	ARTICLE_520
629	ARTICLE_1019
630	ARTICLE_1018
631	ARTICLE_709
632	ARTICLE_708
633	ARTICLE_994
634	ARTICLE_318
635	ARTICLE_319
636	ARTICLE_869
637	ARTICLE_870
638	ARTICLE_1013
639	ARTICLE_738
640	ARTICLE_739
641	ARTICLE_1006
642	ARTICLE_732
643	ARTICLE_733
644	ARTICLE_730
645	ARTICLE_731
646	ARTICLE_736
647	ARTICLE_737
648	ARTICLE_734
649	ARTICLE_735
650	ARTICLE_224
651	ARTICLE_225
652	ARTICLE_226
653	ARTICLE_227
654	ARTICLE_220
655	ARTICLE_188
656	ARTICLE_222
657	ARTICLE_223
658	ARTICLE_185
659	ARTICLE_184
660	ARTICLE_187
661	ARTICLE_186
662	ARTICLE_181
663	ARTICLE_180
664	ARTICLE_183
665	ARTICLE_182
666	ARTICLE_633
667	ARTICLE_1007
668	ARTICLE_632
669	ARTICLE_631
670	ARTICLE_61
671	ARTICLE_60
672	ARTICLE_63
673	ARTICLE_62
674	ARTICLE_65
675	ARTICLE_64
676	ARTICLE_67
677	ARTICLE_66
678	ARTICLE_69
679	ARTICLE_68
680	ARTICLE_717
681	ARTICLE_221
682	ARTICLE_985
683	ARTICLE_635
684	ARTICLE_634
685	ARTICLE_763
686	ARTICLE_358
687	ARTICLE_359
688	ARTICLE_455
689	ARTICLE_454
690	ARTICLE_453
691	ARTICLE_452
692	ARTICLE_451
693	ARTICLE_450
694	ARTICLE_350
695	ARTICLE_351
696	ARTICLE_352
697	ARTICLE_353
698	ARTICLE_354
699	ARTICLE_355
700	ARTICLE_356
701	ARTICLE_357
702	ARTICLE_638
703	ARTICLE_228
704	ARTICLE_229
705	ARTICLE_769
706	ARTICLE_908
707	ARTICLE_768
708	ARTICLE_939
709	ARTICLE_480
710	ARTICLE_854
711	ARTICLE_387
712	ARTICLE_1012
713	ARTICLE_386
714	ARTICLE_778
715	ARTICLE_385
716	ARTICLE_620
717	ARTICLE_912
718	ARTICLE_913
719	ARTICLE_859
720	ARTICLE_384
721	ARTICLE_916
722	ARTICLE_917
723	ARTICLE_914
724	ARTICLE_915
725	ARTICLE_853
726	ARTICLE_383
727	ARTICLE_851
728	ARTICLE_850
729	ARTICLE_857
730	ARTICLE_561
731	ARTICLE_855
732	ARTICLE_382
733	ARTICLE_975
734	ARTICLE_398-19
735	ARTICLE_381
736	ARTICLE_779
737	ARTICLE_398-15
738	ARTICLE_398-14
739	ARTICLE_398-17
740	ARTICLE_380
741	ARTICLE_398-11
742	ARTICLE_398-10
743	ARTICLE_398-13
744	ARTICLE_398-12
745	ARTICLE_651
746	ARTICLE_817-3
747	ARTICLE_650
748	ARTICLE_1010
749	ARTICLE_707
750	ARTICLE_558
751	ARTICLE_935
752	ARTICLE_559
753	ARTICLE_1001
754	ARTICLE_984
755	ARTICLE_655
756	ARTICLE_640
757	ARTICLE_654
758	ARTICLE_637
759	ARTICLE_657
760	ARTICLE_656
761	ARTICLE_978
762	ARTICLE_659
763	ARTICLE_658
764	ARTICLE_623
765	ARTICLE_641
766	ARTICLE_550
767	ARTICLE_776
768	ARTICLE_777
769	ARTICLE_774
770	ARTICLE_551
771	ARTICLE_772
772	ARTICLE_773
773	ARTICLE_679
774	ARTICLE_678
775	ARTICLE_677
776	ARTICLE_676
777	ARTICLE_675
778	ARTICLE_674
779	ARTICLE_673
780	ARTICLE_672
781	ARTICLE_671
782	ARTICLE_670
783	ARTICLE_570
784	ARTICLE_571
785	ARTICLE_572
786	ARTICLE_573
787	ARTICLE_574
788	ARTICLE_575
789	ARTICLE_576
790	ARTICLE_577
791	ARTICLE_578
792	ARTICLE_579
793	ARTICLE_876-6
794	ARTICLE_876-7
795	ARTICLE_876-4
796	ARTICLE_876-5
797	ARTICLE_29
798	ARTICLE_28
799	ARTICLE_25
800	ARTICLE_24
801	ARTICLE_27
802	ARTICLE_26
803	ARTICLE_21
804	ARTICLE_20
805	ARTICLE_23
806	ARTICLE_22
807	ARTICLE_178
808	ARTICLE_179
809	ARTICLE_98-2
810	ARTICLE_174
811	ARTICLE_175
812	ARTICLE_176
813	ARTICLE_177
814	ARTICLE_170
815	ARTICLE_171
816	ARTICLE_172
817	ARTICLE_173
818	ARTICLE_493
819	ARTICLE_492
820	ARTICLE_491
821	ARTICLE_490
822	ARTICLE_497
823	ARTICLE_496
824	ARTICLE_495
825	ARTICLE_494
826	ARTICLE_499
827	ARTICLE_498
828	ARTICLE_314
829	ARTICLE_315
830	ARTICLE_316
831	ARTICLE_317
832	ARTICLE_259
833	ARTICLE_258
834	ARTICLE_312
835	ARTICLE_313
836	ARTICLE_255
837	ARTICLE_254
838	ARTICLE_257
839	ARTICLE_256
840	ARTICLE_251
841	ARTICLE_250
842	ARTICLE_253
843	ARTICLE_252
844	ARTICLE_955
845	ARTICLE_507
846	ARTICLE_817-8
847	ARTICLE_952
848	ARTICLE_953
849	ARTICLE_98
850	ARTICLE_99
851	ARTICLE_950
852	ARTICLE_389
853	ARTICLE_388
854	ARTICLE_90
855	ARTICLE_91
856	ARTICLE_92
857	ARTICLE_93
858	ARTICLE_94
859	ARTICLE_95
860	ARTICLE_96
861	ARTICLE_97
862	ARTICLE_817
863	ARTICLE_1033
864	ARTICLE_169
865	ARTICLE_799
866	ARTICLE_168
867	ARTICLE_628
868	ARTICLE_408
869	ARTICLE_409
870	ARTICLE_958
871	ARTICLE_465-3
872	ARTICLE_400
873	ARTICLE_401
874	ARTICLE_402
875	ARTICLE_403
876	ARTICLE_404
877	ARTICLE_405
878	ARTICLE_406
879	ARTICLE_407
880	ARTICLE_798
881	ARTICLE_457
882	ARTICLE_815
883	ARTICLE_814
884	ARTICLE_813
885	ARTICLE_812
886	ARTICLE_811
887	ARTICLE_456
888	ARTICLE_790
889	ARTICLE_791
890	ARTICLE_792
891	ARTICLE_793
892	ARTICLE_629
893	ARTICLE_795
894	ARTICLE_796
895	ARTICLE_797
896	ARTICLE_986
897	ARTICLE_288
898	ARTICLE_981
899	ARTICLE_160
900	ARTICLE_762
901	ARTICLE_980
902	ARTICLE_828
903	ARTICLE_1009
904	ARTICLE_794
905	ARTICLE_829
906	ARTICLE_425
907	ARTICLE_826
908	ARTICLE_819
909	ARTICLE_827
910	ARTICLE_818
911	ARTICLE_824
912	ARTICLE_929
913	ARTICLE_825
914	ARTICLE_266
915	ARTICLE_822
916	ARTICLE_921
917	ARTICLE_920
918	ARTICLE_927
919	ARTICLE_926
920	ARTICLE_925
921	ARTICLE_621
922	ARTICLE_459
923	ARTICLE_458
924	ARTICLE_859-3
925	ARTICLE_859-2
926	ARTICLE_105
927	ARTICLE_104
928	ARTICLE_107
929	ARTICLE_106
930	ARTICLE_101
931	ARTICLE_100
932	ARTICLE_103
933	ARTICLE_102
934	ARTICLE_534
935	ARTICLE_535
936	ARTICLE_536
937	ARTICLE_537
938	ARTICLE_109
939	ARTICLE_108
940	ARTICLE_532
941	ARTICLE_533
942	ARTICLE_6
943	ARTICLE_7
944	ARTICLE_4
945	ARTICLE_5
946	ARTICLE_2
947	ARTICLE_3
948	ARTICLE_1
949	ARTICLE_742
950	ARTICLE_979
951	ARTICLE_8
952	ARTICLE_9
953	ARTICLE_268
954	ARTICLE_32-2
955	ARTICLE_465-2
956	ARTICLE_269
957	ARTICLE_1004
958	ARTICLE_911
959	ARTICLE_1005
960	ARTICLE_1002
961	ARTICLE_630
962	ARTICLE_1003
963	ARTICLE_219
964	ARTICLE_218
965	ARTICLE_1000
966	ARTICLE_749
967	ARTICLE_748
968	ARTICLE_211
969	ARTICLE_210
970	ARTICLE_213
971	ARTICLE_212
972	ARTICLE_215
973	ARTICLE_214
974	ARTICLE_217
975	ARTICLE_216
976	ARTICLE_192
977	ARTICLE_193
978	ARTICLE_190
979	ARTICLE_191
980	ARTICLE_196
981	ARTICLE_197
982	ARTICLE_194
983	ARTICLE_195
984	ARTICLE_581
985	ARTICLE_580
986	ARTICLE_198
987	ARTICLE_199
988	ARTICLE_585
989	ARTICLE_584
990	ARTICLE_587
991	ARTICLE_586
992	ARTICLE_896
993	ARTICLE_817-4
994	ARTICLE_706
995	ARTICLE_370
996	ARTICLE_54
997	ARTICLE_55
998	ARTICLE_56
999	ARTICLE_57
1000	ARTICLE_50
1001	ARTICLE_51
1002	ARTICLE_52
1003	ARTICLE_53
1004	ARTICLE_267
1005	ARTICLE_58
1006	ARTICLE_59
1007	ARTICLE_998
1008	ARTICLE_887
1009	ARTICLE_817-7
1010	ARTICLE_992
1011	ARTICLE_880
1012	ARTICLE_705
1013	ARTICLE_991
1014	ARTICLE_371
1015	ARTICLE_997
1016	ARTICLE_704
1017	ARTICLE_881
1018	ARTICLE_444
1019	ARTICLE_445
1020	ARTICLE_446
1021	ARTICLE_447
1022	ARTICLE_369
1023	ARTICLE_441
1024	ARTICLE_442
1025	ARTICLE_443
1026	ARTICLE_365
1027	ARTICLE_364
1028	ARTICLE_1022
1029	ARTICLE_366
1030	ARTICLE_361
1031	ARTICLE_360
1032	ARTICLE_363
1033	ARTICLE_362
1034	ARTICLE_725
1035	ARTICLE_699
1036	ARTICLE_698
1037	ARTICLE_724
1038	ARTICLE_695
1039	ARTICLE_694
1040	ARTICLE_697
1041	ARTICLE_696
1042	ARTICLE_691
1043	ARTICLE_690
1044	ARTICLE_693
1045	ARTICLE_692
1046	ARTICLE_726
1047	ARTICLE_721
1048	ARTICLE_720
1049	ARTICLE_723
1050	ARTICLE_956
1051	ARTICLE_987
1052	ARTICLE_722
1053	ARTICLE_1038
1054	ARTICLE_832
1055	ARTICLE_653
1056	ARTICLE_848
1057	ARTICLE_849
1058	ARTICLE_965
1059	ARTICLE_964
1060	ARTICLE_963
1061	ARTICLE_962
1062	ARTICLE_957
1063	ARTICLE_960
1064	ARTICLE_840
1065	ARTICLE_841
1066	ARTICLE_843
1067	ARTICLE_844
1068	ARTICLE_845
1069	ARTICLE_846
1070	ARTICLE_728
1071	ARTICLE_817-9
1072	ARTICLE_754
1073	ARTICLE_652
1074	ARTICLE_755
1075	ARTICLE_398-20
1076	ARTICLE_398-21
1077	ARTICLE_398-22
1078	ARTICLE_817-2
1079	ARTICLE_817-5
1080	ARTICLE_756
1081	ARTICLE_465-4
1082	ARTICLE_465-5
1083	ARTICLE_817-10
1084	ARTICLE_967
1085	ARTICLE_954
1086	ARTICLE_750
1087	ARTICLE_751
1088	ARTICLE_958-3
1089	ARTICLE_958-2
1090	ARTICLE_928
1091	ARTICLE_752
1092	ARTICLE_753
1093	ARTICLE_966
1094	ARTICLE_811-2
1095	ARTICLE_889
1096	ARTICLE_923
